IncidentID,AgencyORI,AgencyName,IncidentStatusDesc,County,RdwyNumber,Street,RoadwayName,StreetSfx,StreetDir,IntersectionRdwy,IntersectionRdwyName,BetweenStRdwy1,BetweenStRdwyName1,BetweenStRdwy2,BetweenStRdwyName2,Latitude,Longitude,Milepoint,CollisionDate,CollisionTime,UnitsInvolved,MotorVehiclesInvolved,NumberKilled,NumberInjured,Weather,RdwyConditionCode,HitandRun,DirAnalysisCode,MannerofCollision,RdwyCharacter,LightCondition,RampFromRdwyId,RampToRdwyId,AcceptedDate,IsSecondaryCollision,OwnerBadge,IncidentStatus,
30710934,0340200,LEXINGTON POLICE DEPARTMENT,Accepted,FAYETTE,KY0004,,NEW CIRCLE,RD,E,,,US0027,NICHOLASVILLE,KY0004,KY4 EXIT19 RAMP TO US27,37.996054810,-84.520253419,19.198,10/19/2022 12:00:00 AM,2028,2,2,0,0,CLEAR,DRY,False,OTHER ROADWAY OR MID-BLOCK COLLISION,REAR END,STRAIGHT & LEVEL,DARK-HWY LIGHTED/ON,,,10/20/2022 12:07:57 AM,False,58943,Accepted,
30706762,0568000,LOUISVILLE METRO POLICE DEPT,Accepted,JEFFERSON,I 0265,,I265 S,,,,,,,,,38.279247066,-85.500323326,29.383,10/18/2022 12:00:00 AM,0945,2,2,0,0,CLOUDY,DRY,False,SIDESWIPE COLLISION - SAME DIRECTION,SIDESWIPE-SAME DIRECTION,STRAIGHT & LEVEL,DAYLIGHT,,,10/19/2022 7:35:26 AM,False,7316,Accepted,
30702239,0568000,LOUISVILLE METRO POLICE DEPT,Accepted,JEFFERSON,I 0265,,I265 E,,,,,,,,,38.211669910,-85.506383972,24.715,10/17/2022 12:00:00 AM,0646,2,2,0,1,CLEAR,DRY,False,REAR END IN TRAFFIC LANES BOTH VEHICLES MOVING,REAR END,STRAIGHT & LEVEL,DAWN,,,10/18/2022 8:19:31 AM,False,4903,Accepted,
30700783,0340200,LEXINGTON POLICE DEPARTMENT,Accepted,FAYETTE,I 0064,,I64 EB,,,,,,,,,38.043170732,-84.316587469,87.832,10/17/2022 12:00:00 AM,1728,3,3,0,0,CLOUDY,DRY,True,REAR END IN TRAFFIC LANES BOTH VEHICLES MOVING,REAR END,STRAIGHT & LEVEL,DAYLIGHT,,,10/17/2022 9:24:04 PM,False,55027,Accepted,
30697204,0340200,LEXINGTON POLICE DEPARTMENT,Accepted,FAYETTE,KY0004,,NEW CIRCLE,RD,E,,,,,,,37.994207449,-84.514886583,18.889,10/17/2022 12:00:00 AM,0015,2,2,0,2,CLEAR,WET,False,REAR END IN TRAFFIC LANES BOTH VEHICLES MOVING,REAR END,STRAIGHT & LEVEL,DARK-HWY LIGHTED/ON,,,10/17/2022 5:45:43 AM,False,58944,Accepted,
30711984,0568000,LOUISVILLE METRO POLICE DEPT,Accepted,JEFFERSON,I 0064,,I64 EB,,,,,,,,,38.278199898,-85.821371825,0.215,10/16/2022 12:00:00 AM,1847,4,4,0,0,CLEAR,DRY,False,REAR END IN TRAFFIC LANES BOTH VEHICLES MOVING,REAR END,STRAIGHT & LEVEL,DUSK,,,10/20/2022 7:19:01 AM,False,5298,Accepted,
30726171,1060100,SHELBYVILLE POLICE DEPARTMENT,Accepted,SHELBY,KY0053,,MT EDEN,RD,,US0060,FRANKFORT,,,,,38.210479500,-85.203685805,7.999,10/16/2022 12:00:00 AM,1958,2,2,0,0,CLEAR,DRY,False,VEHICLE BACKING IN INTERSECTION,BACKING,STRAIGHT & LEVEL,DARK-HWY NOT LIGHTED,,,10/24/2022 6:18:16 AM,False,256,Accepted,
30763283,0540200,DAWSON SPRINGS POLICE DEPT.,Accepted,HOPKINS,I 0069,,I69 N,,,,,,,,,37.200366944,-87.538840948,100.946,10/15/2022 12:00:00 AM,0120,1,1,0,0,CLEAR,DRY,False,COLLISION WITH ANIMAL NON INTERSECTION,SINGLE VEHICLE,STRAIGHT & GRADE,DARK-HWY NOT LIGHTED,,,11/1/2022 6:53:08 PM,False,203,Accepted,
30736251,0340200,LEXINGTON POLICE DEPARTMENT,Accepted,FAYETTE,,,NATIONAL,AVE,,,,,ASHLAND,,WALTON,38.040296408,-84.478565352,0.102,10/14/2022 12:00:00 AM,2333,2,2,0,0,CLEAR,DRY,True,1 VEHICLE PARKED POSITION (NOT PARKING LOT/DRIVEWAY),BACKING,STRAIGHT & LEVEL,DARK-HWY NOT LIGHTED,,,10/26/2022 8:43:18 AM,False,58935,Accepted,
30719666,0470000,HARDIN COUNTY SHERIFF DEPT.,Accepted,HARDIN,I 0065,,I65 S,,,,,,,,,37.591809062,-85.869824343,85.387,10/14/2022 12:00:00 AM,2215,2,2,0,0,CLEAR,DRY,False,1 VEHICLE PARKED POSITION (NOT PARKING LOT/DRIVEWAY),SIDESWIPE-SAME DIRECTION,STRAIGHT & LEVEL,DARK-HWY NOT LIGHTED,,,10/21/2022 10:44:29 PM,False,951,Accepted,
30740200,0470100,ELIZABETHTOWN POLICE DEPT.,Accepted,HARDIN,US0031W,,DIXIE,AVE,N,,DIECKS,,,,,37.708732503,-85.874237963,18.032,10/14/2022 12:00:00 AM,1513,2,1,0,0,CLEAR,DRY,False,ANGLE COLLISION - OTHER,ANGLE,STRAIGHT & LEVEL,DAYLIGHT,,,10/27/2022 3:02:55 AM,False,0084,Accepted,
30712291,1190000,WOLFE COUNTY SHERIFF DEPT.,Accepted,WOLFE,KY9000,,KY9000 E,,,,,,,,,37.780135347,-83.641144070,37.362,10/14/2022 12:00:00 AM,0811,2,2,0,1,CLEAR,DRY,False,1 VEHICLE ENTERING/LEAVING ENTRANCE,ANGLE,STRAIGHT & LEVEL,DAYLIGHT,,,10/20/2022 9:11:59 AM,True,5,Accepted,
30689907,0130000,BREATHITT COUNTY SHERIFF DEPT.,Accepted,BREATHITT,KY1110,,KY1110,,,,,,,,,37.474895369,-83.381358797,12.193,10/14/2022 12:00:00 AM,1430,1,1,0,0,CLEAR,DRY,False,OTHER ROADWAY OR MID-BLOCK COLLISION,SINGLE VEHICLE,STRAIGHT & LEVEL,DAYLIGHT,,,10/14/2022 3:51:44 PM,False,901,Accepted,
30697622,0930400,OLDHAM COUNTY POLICE DEPT.,Accepted,OLDHAM,I 0071,,I71 S,,,,,,,,,38.341767086,-85.504183305,13.775,10/14/2022 12:00:00 AM,1638,1,1,0,0,CLEAR,DRY,False,OTHER COLLISIONS ON SHOULDER,SINGLE VEHICLE,CURVE & GRADE,DAYLIGHT,,,10/17/2022 7:31:24 AM,False,3077,Accepted,
30697582,0568000,LOUISVILLE METRO POLICE DEPT,Accepted,JEFFERSON,I 0064,,I64 EB,,,,,,,,,38.280255342,-85.823666890,,10/14/2022 12:00:00 AM,1826,2,2,0,0,CLEAR,DRY,True,SIDESWIPE COLLISION - SAME DIRECTION,SIDESWIPE-SAME DIRECTION,STRAIGHT & LEVEL,DAYLIGHT,,,10/17/2022 7:28:34 AM,False,5285,Accepted,
30698935,0561800,HERITAGE CREEK POLICE DEPT,Accepted,JEFFERSON,KY0864,,CEDAR CREEK,RD,,,,,,,,38.096543919,-85.614456357,1.304,10/13/2022 12:00:00 AM,0910,2,2,0,1,CLEAR,DRY,False,SIDESWIPE COLLISION - SAME DIRECTION,SIDESWIPE-SAME DIRECTION,STRAIGHT & GRADE,DAYLIGHT,,,10/17/2022 11:50:38 AM,False,1264,Accepted,
30686741,0300100,OWENSBORO POLICE DEPARTMENT,Accepted,DAVIESS,,200 BLK,WALNUT,ST,,,,,,,,37.774427214,-87.118176880,0.070,10/13/2022 12:00:00 AM,1610,1,1,0,0,CLEAR,DRY,False,OTHER ROADWAY OR MID-BLOCK COLLISION,SINGLE VEHICLE,STRAIGHT & LEVEL,DAYLIGHT,,,10/14/2022 12:04:07 AM,False,391,Accepted,
30702533,0370000,FRANKLIN COUNTY SHERIFF,Accepted,FRANKLIN,I 0064,,I64 W,,,,,,,,,38.148911730,-84.968616420,48.927,10/13/2022 12:00:00 AM,1156,2,2,0,1,CLEAR,DRY,False,REAR END IN TRAFFIC LANES BOTH VEHICLES MOVING,REAR END,STRAIGHT & LEVEL,DAYLIGHT,,,10/18/2022 9:40:17 AM,False,1333,Accepted,
30706960,KSP0200,KY STATE POLICE POST 02,Accepted,CHRISTIAN,I 0024,,I24 W,,,,,,,,,36.679629008,-87.399353189,89.093,10/13/2022 12:00:00 AM,2149,2,2,0,2,CLEAR,DRY,False,REAR END IN TRAFFIC LANES BOTH VEHICLES MOVING,REAR END,STRAIGHT & LEVEL,DARK-HWY NOT LIGHTED,,,10/19/2022 8:49:24 AM,False,430,Accepted,
30687917,0340200,LEXINGTON POLICE DEPARTMENT,Accepted,FAYETTE,KY0004,,NEW CIRCLE,RD,W,,,,,,,38.012345993,-84.550492216,2.014,10/13/2022 12:00:00 AM,2120,2,2,0,0,CLEAR,DRY,False,SIDESWIPE COLLISION - SAME DIRECTION,SIDESWIPE-SAME DIRECTION,CURVE & LEVEL,DARK-HWY NOT LIGHTED,,,10/14/2022 7:44:49 AM,False,57499,Accepted,
30684391,0340200,LEXINGTON POLICE DEPARTMENT,Accepted,FAYETTE,I 0064,,I64 W,,,,,I 0064,I64 W EXIT87 ON RAMP FROM KY859,I 0075,I64 W EXIT81 RAMP TO I75 S,38.058058526,-84.416763097,82.225,10/13/2022 12:00:00 AM,0620,3,3,0,0,CLOUDY,WET,False,REAR END IN TRAFFIC LANES BOTH VEHICLES MOVING,REAR END,STRAIGHT & LEVEL,DARK-HWY NOT LIGHTED,,,10/13/2022 12:42:30 PM,False,54521,Accepted,
30716707,KSP0300,KY STATE POLICE POST 03,Accepted,SIMPSON,I 0065,,I65 SB,,,,,,,,,36.790109493,-86.475359903,11.820,10/12/2022 12:00:00 AM,2042,1,1,1,0,CLEAR,WET,False,OTHER COLLISIONS ON SHOULDER,SINGLE VEHICLE,STRAIGHT & LEVEL,DARK-HWY LIGHTED/OFF,,,10/21/2022 8:27:05 AM,False,1170,Accepted,
30683778,0180100,MURRAY POLICE DEPARTMENT,Accepted,CALLOWAY,US0641X,,4TH,ST,N,,,,,,,36.617224564,-88.302113852,2.141,10/12/2022 12:00:00 AM,1224,2,2,0,0,CLEAR,DRY,False,OTHER ROADWAY OR MID-BLOCK COLLISION,REAR END,STRAIGHT & GRADE,DAYLIGHT,,,10/13/2022 9:39:06 AM,False,129,Accepted,
30688526,0730100,PADUCAH POLICE DEPARTMENT,Accepted,MCCRACKEN,,,FRIEDMAN,LN,,,,US0060,US60,,TECHNOLOGY,37.080375517,-88.674639721,0.009,10/12/2022 12:00:00 AM,1425,1,1,0,0,CLOUDY,WET,False,RAN OFF ROADWAY (1 VEHICLE WITH/EARTH EMBANKMENT/DITCH),SINGLE VEHICLE,STRAIGHT & LEVEL,DAYLIGHT,,,10/14/2022 11:06:08 AM,False,242,Accepted,
30682138,1070000,SIMPSON COUNTY SHERIFF DEPT.,Accepted,SIMPSON,KY0585,2700,GOLD CITY,RD,,,,,,,,36.739409136,-86.498928754,2.943,10/11/2022 12:00:00 AM,1202,1,1,0,0,CLEAR,DRY,False,COLLISION WITH FIXED OBJECT NON - INTERSECTION - FIRST EVENT COLLISION 09 - 32 EXCLUDING 16,SINGLE VEHICLE,STRAIGHT & HILLCREST,DAYLIGHT,,,10/12/2022 9:58:09 PM,False,109,Accepted,
30672321,0100100,ASHLAND POLICE DEPARTMENT,Accepted,BOYD,,,RIVER HILL,DR,,,,,CENTRAL,US0023,US23,38.483269852,-82.660014876,0.274,10/10/2022 12:00:00 AM,1211,2,2,0,0,CLEAR,DRY,False,OTHER ROADWAY OR MID-BLOCK COLLISION,REAR END,CURVE & GRADE,DAYLIGHT,,,10/10/2022 6:03:41 PM,False,1515,Accepted,
30703899,0820100,BRANDENBURG POLICE DEPARTMENT,Accepted,MEADE,KY0313,,KY79 SPUR,,,,,,,,,38.017445900,-86.196979835,0.304,10/10/2022 12:00:00 AM,1732,2,2,0,0,CLEAR,DRY,False,REAR END IN TRAFFIC LANES BOTH VEHICLES MOVING,REAR END,STRAIGHT & LEVEL,DAYLIGHT,,,10/18/2022 2:32:11 PM,False,942,Accepted,
30674493,0568000,LOUISVILLE METRO POLICE DEPT,Accepted,JEFFERSON,US0031E,,MAIN,ST,E,,,,1ST,,BROOK,38.255929905,-85.750699858,17.742,10/10/2022 12:00:00 AM,1640,2,2,0,2,CLEAR,DRY,False,1 VEHICLE ENTERING/LEAVING ENTRANCE,ANGLE,STRAIGHT & LEVEL,DAYLIGHT,,,10/11/2022 7:30:09 AM,False,6360,Accepted,
30670366,KSP0400,KY STATE POLICE POST 04,Accepted,BULLITT,I 0065,,I65 N,,,,,,,,,37.819841817,-85.732091235,103.895,10/9/2022 12:00:00 AM,1313,2,2,0,0,CLEAR,DRY,False,REAR END IN TRAFFIC LANES BOTH VEHICLES MOVING,REAR END,STRAIGHT & LEVEL,DAYLIGHT,,,10/10/2022 11:52:34 AM,False,497,Accepted,
30699496,KSP0200,KY STATE POLICE POST 02,Accepted,CHRISTIAN,I 0024,,I24 W,,,,,,,,,36.642225092,-87.339960071,93.333,10/9/2022 12:00:00 AM,1611,4,4,0,2,CLEAR,DRY,False,REAR END IN TRAFFIC LANES BOTH VEHICLES MOVING,REAR END,STRAIGHT & LEVEL,DAYLIGHT,,,10/17/2022 2:38:48 PM,False,430,Accepted,
30699497,KSP0200,KY STATE POLICE POST 02,Accepted,CHRISTIAN,I 0024,,I24 W,,,,,,,,,36.660290265,-87.373607785,91.055,10/9/2022 12:00:00 AM,0950,2,2,0,0,CLEAR,DRY,False,REAR END IN TRAFFIC LANES BOTH VEHICLES MOVING,REAR END,STRAIGHT & HILLCREST,DAYLIGHT,,,10/17/2022 2:38:54 PM,False,146,Accepted,
30669319,0568000,LOUISVILLE METRO POLICE DEPT,Accepted,JEFFERSON,I 0264,,I264 W,,,,,,,,,38.205001468,-85.681557893,14.965,10/8/2022 12:00:00 AM,1800,3,3,0,0,CLEAR,DRY,False,REAR END IN TRAFFIC LANES BOTH VEHICLES MOVING,REAR END,STRAIGHT & LEVEL,DAYLIGHT,,,10/10/2022 8:12:59 AM,False,6813,Accepted,
30698823,0760100,BEREA POLICE DEPARTMENT,Accepted,MADISON,,,SHORT LINE,PIKE,,,,,,,,37.565587863,-84.256940270,1.742,10/8/2022 12:00:00 AM,1140,2,2,0,0,CLEAR,DRY,False,REAR END IN TRAFFIC LANES BOTH VEHICLES MOVING,REAR END,STRAIGHT & LEVEL,DAYLIGHT,,,10/17/2022 11:14:55 AM,False,5344ED,Accepted,
30702090,0340200,LEXINGTON POLICE DEPARTMENT,Accepted,FAYETTE,I 0064,,I64 WB,,,,,,,,,38.045988531,-84.326583401,87.360,10/8/2022 12:00:00 AM,1101,2,2,0,0,CLEAR,DRY,False,SIDESWIPE COLLISION - SAME DIRECTION,SIDESWIPE-SAME DIRECTION,STRAIGHT & LEVEL,DAYLIGHT,,,10/18/2022 7:13:35 AM,False,58716,Accepted,
30666057,0930400,OLDHAM COUNTY POLICE DEPT.,Accepted,OLDHAM,I 0071,,I71 N,,,,,I 0071,I71 N REST AREA13 ON RAMP,I 0071,I71 N REST AREA13 OFF RAMP,38.338183298,-85.517538155,12.936,10/8/2022 12:00:00 AM,0714,3,3,0,0,CLEAR,DRY,False,SIDESWIPE COLLISION - SAME DIRECTION,SIDESWIPE-SAME DIRECTION,STRAIGHT & GRADE,DAWN,,,10/9/2022 10:10:45 AM,False,3071,Accepted,
30670034,KSP0400,KY STATE POLICE POST 04,Accepted,HARDIN,I 0065,,I65 S,,,,,,,,,37.810190321,-85.742195687,103.030,10/8/2022 12:00:00 AM,1026,2,2,0,0,CLEAR,DRY,False,SIDESWIPE COLLISION - SAME DIRECTION,SIDESWIPE-SAME DIRECTION,STRAIGHT & LEVEL,DAYLIGHT,,,10/10/2022 10:28:23 AM,False,434,Accepted,
30669329,0568000,LOUISVILLE METRO POLICE DEPT,Accepted,JEFFERSON,I 0264,,I264 W,,,,,I 0264,I264 W EXIT16 ON RAMP FROM US31E,I 0264,I264 W EXIT15A OFF RAMP TO KY1703 N,38.205562629,-85.680458841,15.036,10/8/2022 12:00:00 AM,2250,3,3,0,0,CLEAR,DRY,True,SIDESWIPE COLLISION - SAME DIRECTION,SIDESWIPE-SAME DIRECTION,STRAIGHT & GRADE,DARK-HWY NOT LIGHTED,,,10/10/2022 8:13:56 AM,False,2816,Accepted,
30659647,0190600,NEWPORT POLICE DEPARTMENT,Accepted,CAMPBELL,,,BRIGHTON,ST,,KY0009,12TH,,,,,39.080048389,-84.495139521,,10/7/2022 12:00:00 AM,0730,2,2,0,0,CLEAR,DRY,True,SIDESWIPE-SAME DIRECTION,SIDESWIPE-SAME DIRECTION,STRAIGHT & LEVEL,DAYLIGHT,,,10/7/2022 10:18:27 AM,False,0254,Accepted,
30688848,0100000,BOYD COUNTY SHERIFF DEPARTMENT,Accepted,BOYD,KY0180,,KY180,,,,,,,,,38.381466649,-82.715423192,2.128,10/7/2022 12:00:00 AM,1659,1,1,0,0,CLEAR,DRY,False,OTHER ROADWAY OR MID-BLOCK COLLISION,SINGLE VEHICLE,STRAIGHT & LEVEL,DAYLIGHT,,,10/14/2022 12:27:02 PM,False,236,Accepted,
30669192,0568000,LOUISVILLE METRO POLICE DEPT,Accepted,JEFFERSON,I 0265,,I265 N,,,,,,,,,38.280949973,-85.499969326,29.532,10/7/2022 12:00:00 AM,1455,2,2,0,1,CLEAR,DRY,False,SIDESWIPE COLLISION - SAME DIRECTION,SIDESWIPE-SAME DIRECTION,CURVE & LEVEL,DAYLIGHT,,,10/10/2022 8:06:30 AM,False,7316,Accepted,
30669189,0568000,LOUISVILLE METRO POLICE DEPT,Accepted,JEFFERSON,I 0265,,I265 E,,,,,,,,,38.213320819,-85.506408249,24.828,10/7/2022 12:00:00 AM,0955,3,3,0,0,CLEAR,DRY,False,REAR END IN TRAFFIC LANES BOTH VEHICLES MOVING,REAR END,STRAIGHT & LEVEL,DAYLIGHT,,,10/10/2022 8:06:18 AM,False,7316,Accepted,
30666058,0930400,OLDHAM COUNTY POLICE DEPT.,Accepted,OLDHAM,I 0071,,I71 S,,,,,I 0071,I71 S REST AREA13 OFF RAMP,I 0071,I71 S EXIT14 ON RAMP FROM KY329,38.343337070,-85.500516244,13.938,10/7/2022 12:00:00 AM,1536,2,2,0,0,CLEAR,DRY,False,REAR END IN TRAFFIC LANES BOTH VEHICLES MOVING,REAR END,STRAIGHT & LEVEL,DAYLIGHT,,,10/9/2022 10:10:50 AM,False,3071,Accepted,
30665125,0080000,BOONE COUNTY SHERIFF DEPT.,Accepted,BOONE,KY0338,,RICHWOOD,RD,,I 0075,I75 S EXIT175 OFF RAMP TO  RICHWOOD DR,,,,,38.917405830,-84.630410736,0.345,10/7/2022 12:00:00 AM,1639,2,2,0,1,CLEAR,DRY,False,ANGLE COLLISION - OTHER,ANGLE,STRAIGHT & LEVEL,DAYLIGHT,,,10/9/2022 1:49:54 AM,False,3729,Accepted,
30694788,0060100,OWINGSVILLE POLICE DEPARTMENT,Accepted,BATH,KY0036,,SLATE,AVE,,,DAVID,,,,,38.130655060,-83.756794805,12.911,10/6/2022 12:00:00 AM,1656,2,2,0,0,CLEAR,DRY,False,ANGLE COLLISION - ONE VEHICLE TURNING LEFT,ANGLE,STRAIGHT & LEVEL,DAYLIGHT,,,10/16/2022 9:58:28 AM,False,466,Accepted,
30699491,KSP0200,KY STATE POLICE POST 02,Accepted,CHRISTIAN,I 0024,,I24 W,,,,,,,,,36.645172319,-87.343324231,93.055,10/6/2022 12:00:00 AM,1450,2,2,0,0,CLEAR,DRY,False,REAR END IN TRAFFIC LANES BOTH VEHICLES MOVING,REAR END,STRAIGHT & LEVEL,DAYLIGHT,,,10/17/2022 2:38:25 PM,False,146,Accepted,
30657835,0340200,LEXINGTON POLICE DEPARTMENT,Accepted,FAYETTE,I 0064,,I64 W,,,,,I 0064,I64 W EXIT87 OFF RAMP TO KY859,I 0064,I64 W EXIT87 ON RAMP FROM KY859,38.044422942,-84.321226469,87.671,10/6/2022 12:00:00 AM,0615,1,1,0,0,CLEAR,DRY,False,OTHER ROADWAY OR MID-BLOCK COLLISION,SINGLE VEHICLE,STRAIGHT & LEVEL,DAWN,,,10/6/2022 10:37:35 PM,False,40593,Accepted,
30659145,0568000,LOUISVILLE METRO POLICE DEPT,Accepted,JEFFERSON,US0031E,,BARDSTOWN,RD,,I 0265,I265 E EXIT17 OFF RAMP TO US31E,,,,,38.139352764,-85.582226778,4.756,10/6/2022 12:00:00 AM,1446,2,2,0,0,CLOUDY,DRY,False,SIDESWIPE-SAME DIRECTION,SIDESWIPE-SAME DIRECTION,STRAIGHT & LEVEL,DAYLIGHT,,,10/7/2022 7:19:48 AM,False,2324,Accepted,
30803907,0660000,LESLIE COUNTY SHERIFF DEPT.,Accepted,LESLIE,US0421,,US421,,,,,,,,,36.974821789,-83.398049653,4.257,10/5/2022 12:00:00 AM,1342,2,1,0,0,CLEAR,DRY,False,SIDESWIPE COLLISION - SAME DIRECTION,SIDESWIPE-SAME DIRECTION,CURVE & LEVEL,DAYLIGHT,,,11/11/2022 3:05:46 AM,False,SO1,Accepted,
30654929,0760200,RICHMOND POLICE DEPARTMENT,Accepted,MADISON,,,IRVINE,ST,E,,,,MADISON,,COLLINS,37.747355461,-84.291865181,0.110,10/5/2022 12:00:00 AM,1528,2,2,0,0,CLEAR,DRY,False,VEHICLE BACKING NON INTERSECTION,BACKING,STRAIGHT & LEVEL,DAYLIGHT,,,10/6/2022 9:07:08 AM,False,9316,Accepted,
30654691,0568000,LOUISVILLE METRO POLICE DEPT,Accepted,JEFFERSON,,,EVERGREEN,RD,,KY0146,RIDGE,,,,,38.263426727,-85.538371872,1.398,10/5/2022 12:00:00 AM,2151,1,1,0,0,CLEAR,DRY,False,COLLISION WITH FIXED OBJECT IN INTERSECTION - FIRST EVENT COLLISION 09 - 32,SINGLE VEHICLE,STRAIGHT & LEVEL,DARK (UNKNOWN ROADWAY LIGHTING),,,10/6/2022 7:42:23 AM,False,7336,Accepted,
30653595,0340200,LEXINGTON POLICE DEPARTMENT,Accepted,FAYETTE,US0027,,NICHOLASVILLE,RD,,,,,,,,37.997779353,-84.521479647,2.509,10/5/2022 12:00:00 AM,2032,2,2,0,0,CLEAR,DRY,False,OTHER ROADWAY OR MID-BLOCK COLLISION,OPPOSING LEFT TURN,STRAIGHT & LEVEL,DARK-HWY LIGHTED/ON,,,10/6/2022 12:04:33 AM,False,56233,Accepted,
30650180,0568000,LOUISVILLE METRO POLICE DEPT,Accepted,JEFFERSON,US0031E,,BARDSTOWN,RD,,,BARTLEY,,,,,38.138039947,-85.581497691,4.662,10/4/2022 12:00:00 AM,2043,3,3,0,0,CLEAR,DRY,False,ANGLE COLLISION - OTHER,ANGLE,STRAIGHT & LEVEL,DARK-HWY NOT LIGHTED,,,10/5/2022 7:28:14 AM,False,2775,Accepted,
30670778,KSP0900,KY STATE POLICE POST 09,Accepted,FLOYD,KY1428,,KY1428,,,,,,,,,37.569863625,-82.754388992,0.808,10/4/2022 12:00:00 AM,1947,1,1,0,3,CLEAR,DRY,False,OTHER COLLISIONS ON SHOULDER,SINGLE VEHICLE,STRAIGHT & GRADE,DARK-HWY NOT LIGHTED,,,10/10/2022 1:18:17 PM,False,698,Accepted,
30652907,0340200,LEXINGTON POLICE DEPARTMENT,Accepted,FAYETTE,,,LAKESHORE,DR,,,,,VON LIST,,BIXBY,38.014258583,-84.472945517,0.529,10/4/2022 12:00:00 AM,1308,2,2,0,0,CLEAR,DRY,False,REAR END IN TRAFFIC LANES BOTH VEHICLES MOVING,REAR END,CURVE & GRADE,DAYLIGHT,,,10/5/2022 6:47:17 PM,False,57918,Accepted,
30650142,0568000,LOUISVILLE METRO POLICE DEPT,Accepted,JEFFERSON,I 0265,,I265 N,,,,,,,,,38.242366628,-85.503618061,26.839,10/4/2022 12:00:00 AM,0909,2,2,0,0,CLEAR,DRY,False,SIDESWIPE COLLISION - SAME DIRECTION,SIDESWIPE-SAME DIRECTION,STRAIGHT & LEVEL,DAYLIGHT,,,10/5/2022 7:24:55 AM,False,4903,Accepted,
30699488,KSP0200,KY STATE POLICE POST 02,Accepted,CHRISTIAN,I 0024,,I24 W,,,,,,,,,36.644539382,-87.342495912,93.118,10/4/2022 12:00:00 AM,1548,2,2,0,0,CLEAR,DRY,False,SIDESWIPE COLLISION - SAME DIRECTION,SIDESWIPE-SAME DIRECTION,STRAIGHT & LEVEL,DAYLIGHT,,,10/17/2022 2:38:12 PM,False,709,Accepted,
30646800,KSP0200,KY STATE POLICE POST 02,Accepted,CHRISTIAN,I 0024,,I24 W,,,,,,,,,36.691483520,-87.425341255,87.428,10/4/2022 12:00:00 AM,0918,3,3,0,0,CLEAR,DRY,False,OTHER ROADWAY OR MID-BLOCK COLLISION,REAR END,STRAIGHT & LEVEL,DAYLIGHT,,,10/4/2022 12:20:39 PM,False,268,Accepted,
30651323,0080200,FLORENCE POLICE DEPARTMENT,Accepted,BOONE,US0042,,US42,,,,,I 0075,I75 S EXIT180 OFF RAMP TO US42,I 0075,I75 N EXIT180 ON RAMP FROM US42,38.984567830,-84.642626045,13.926,10/3/2022 12:00:00 AM,1333,2,2,0,0,CLEAR,DRY,False,SIDESWIPE COLLISION - SAME DIRECTION,SIDESWIPE-SAME DIRECTION,STRAIGHT & LEVEL,DAYLIGHT,,,10/5/2022 12:06:13 PM,False,27,Accepted,
30669130,0810000,MASON COUNTY SHERIFF,Accepted,MASON,US0068,,US68,,,,,,,,,38.497699550,-83.853306420,3.188,10/3/2022 12:00:00 AM,1522,2,2,0,0,CLEAR,DRY,False,REAR END IN TRAFFIC LANES BOTH VEHICLES MOVING,REAR END,STRAIGHT & LEVEL,DAYLIGHT,,,10/10/2022 7:57:17 AM,False,71,Accepted,
30645675,0568000,LOUISVILLE METRO POLICE DEPT,Accepted,JEFFERSON,I 0265,,I265 N,,,,,,,,,38.220972834,-85.505673687,25.358,10/3/2022 12:00:00 AM,2356,1,1,0,0,CLEAR,DRY,False,OTHER ROADWAY OR MID-BLOCK COLLISION,SINGLE VEHICLE,STRAIGHT & LEVEL,DARK-HWY LIGHTED/ON,,,10/4/2022 7:36:04 AM,False,5329,Accepted,
30646008,0591100,TAYLOR MILL POLICE DEPARTMENT,Accepted,KENTON,KY0016,,PRIDE,PKWY,,,MAGELLAN,,,,,39.029135955,-84.512623555,13.511,10/3/2022 12:00:00 AM,1515,2,2,0,0,CLEAR,DRY,False,OTHER INTERSECTION COLLISIONS,REAR END,CURVE & HILLCREST,DAYLIGHT,,,10/4/2022 9:31:37 AM,False,TM03,Accepted,
30646107,KSP0200,KY STATE POLICE POST 02,Accepted,CHRISTIAN,I 0024,,I24 W,,,,,,,,,36.657381907,-87.369631905,91.357,10/2/2022 12:00:00 AM,0818,2,2,0,0,CLEAR,DRY,False,1 VEHICLE PARKED POSITION (NOT PARKING LOT/DRIVEWAY),SIDESWIPE-SAME DIRECTION,STRAIGHT & GRADE,DAYLIGHT,,,10/4/2022 9:59:56 AM,False,96,Accepted,