IncidentID,AgencyORI,AgencyName,IncidentStatusDesc,County,RdwyNumber,Street,RoadwayName,StreetSfx,StreetDir,IntersectionRdwy,IntersectionRdwyName,BetweenStRdwy1,BetweenStRdwyName1,BetweenStRdwy2,BetweenStRdwyName2,Latitude,Longitude,Milepoint,CollisionDate,CollisionTime,UnitsInvolved,MotorVehiclesInvolved,NumberKilled,NumberInjured,Weather,RdwyConditionCode,HitandRun,DirAnalysisCode,MannerofCollision,RdwyCharacter,LightCondition,RampFromRdwyId,RampToRdwyId,AcceptedDate,IsSecondaryCollision,OwnerBadge,IncidentStatus,
30492293,1060000,SHELBY COUNTY SHERIFF DEPT.,Accepted,SHELBY,I 0064,,I64 E,,,,,,,,,38.169409551,-85.147108203,38.865,8/27/2022 12:00:00 AM,1124,2,2,0,0,CLEAR,DRY,True,SIDESWIPE COLLISION - SAME DIRECTION,SIDESWIPE-SAME DIRECTION,STRAIGHT & LEVEL,DAYLIGHT,,,8/29/2022 9:30:50 AM,False,25,Accepted,
30491616,0410000,GRANT COUNTY SHERIFF DEPT.,Accepted,GRANT,US0025X,85,US25 BUS,,,,,,,,,38.677096204,-84.584217996,1.531,8/26/2022 12:00:00 AM,1545,2,2,0,0,CLEAR,DRY,False,SIDESWIPE COLLISION - SAME DIRECTION,SIDESWIPE-SAME DIRECTION,STRAIGHT & LEVEL,DAYLIGHT,,,8/29/2022 7:22:14 AM,False,917,Accepted,
30494092,0240000,CHRISTIAN COUNTY SHERIFF OFFICE,Accepted,CHRISTIAN,I 0024,,I24 E,,,,,,,,,36.669494952,-87.386024361,90.112,8/26/2022 12:00:00 AM,0706,3,3,0,0,CLEAR,DRY,False,REAR END IN TRAFFIC LANES BOTH VEHICLES MOVING,REAR END,STRAIGHT & LEVEL,DAYLIGHT,,,8/29/2022 2:36:22 PM,False,618,Accepted,
30488493,0080200,FLORENCE POLICE DEPARTMENT,Accepted,BOONE,,,DREXEL,AVE,,,,,MARANATHA,,KENTABOO,39.011893498,-84.621235299,0.275,8/26/2022 12:00:00 AM,1330,2,2,0,0,CLOUDY,WET,False,1 VEHICLE PARKED POSITION (NOT PARKING LOT/DRIVEWAY),BACKING,STRAIGHT & GRADE,DAYLIGHT,,,8/28/2022 8:19:23 AM,False,16,Accepted,
30540479,1020000,ROCKCASTLE COUNTY SHERIFF DEPT,Accepted,ROCKCASTLE,US0025,,WILDERNESS,RD,N,,,,,,,37.426650708,-84.332824041,19.235,8/25/2022 12:00:00 AM,0915,2,2,0,2,CLOUDY,DRY,False,1 VEHICLE ENTERING/LEAVING ENTRANCE,ANGLE,STRAIGHT & HILLCREST,DAYLIGHT,,,9/9/2022 2:53:38 AM,False,1113,Accepted,
30607499,0191200,WILDER POLICE DEPARTMENT,Accepted,CAMPBELL,KY1632,60,MOOCK,RD,,,,,,,,39.059556536,-84.478953021,0.671,8/25/2022 12:00:00 AM,1053,1,1,0,0,CLEAR,DRY,False,OTHER ROADWAY OR MID-BLOCK COLLISION,SINGLE VEHICLE,STRAIGHT & LEVEL,DAYLIGHT,,,9/25/2022 5:12:20 AM,False,1204,Accepted,
30497003,0240000,CHRISTIAN COUNTY SHERIFF OFFICE,Accepted,CHRISTIAN,I 0024,,I24 W,,,,,,,,,36.645109654,-87.343233888,93.062,8/25/2022 12:00:00 AM,2211,2,2,0,1,CLEAR,DRY,False,SIDESWIPE COLLISION - SAME DIRECTION,SIDESWIPE-SAME DIRECTION,STRAIGHT & LEVEL,DARK-HWY LIGHTED/ON,,,8/30/2022 8:23:53 AM,False,609,Accepted,
30527186,0980000,PIKE COUNTY SHERIFF DEPARTMENT,Accepted,PIKE,US0023,,US23,,,,,,,,,37.503264890,-82.532280035,26.223,8/24/2022 12:00:00 AM,2100,2,2,0,0,CLEAR,DRY,False,REAR END IN TRAFFIC LANES BOTH VEHICLES MOVING,REAR END,STRAIGHT & LEVEL,DARK-HWY LIGHTED/ON,,,9/6/2022 10:07:40 AM,False,70,Accepted,
30478816,KSP0300,KY STATE POLICE POST 03,Accepted,SIMPSON,I 0065,,I65 S,,,,,,,,,36.707376004,-86.526763605,5.374,8/24/2022 12:00:00 AM,0550,2,2,0,0,CLEAR,DRY,False,1 VEHICLE ENTERING/LEAVING ENTRANCE,ANGLE,STRAIGHT & GRADE,DARK-HWY LIGHTED/ON,,,8/25/2022 4:16:27 PM,False,752,Accepted,
30498722,0970000,PERRY COUNTY SHERIFF,Accepted,PERRY,KY0080,,KY80,,W,,,,,,,37.259709961,-83.249335280,4.577,8/24/2022 12:00:00 AM,1135,2,2,0,4,CLEAR,DRY,False,OTHER ROADWAY OR MID-BLOCK COLLISION,REAR END,STRAIGHT & LEVEL,DAYLIGHT,,,8/30/2022 2:40:35 PM,False,519,Accepted,
30491617,0410000,GRANT COUNTY SHERIFF DEPT.,Accepted,GRANT,KY3025,,ARNIE RISEN,BLVD,,,KEENELAND,,,,,38.658696001,-84.577712002,1.610,8/24/2022 12:00:00 AM,0730,2,2,0,0,CLEAR,DRY,False,OTHER INTERSECTION COLLISIONS,REAR END,STRAIGHT & LEVEL,DAYLIGHT,,,8/29/2022 7:22:18 AM,False,934,Accepted,
30612654,0470100,ELIZABETHTOWN POLICE DEPT.,Accepted,HARDIN,US0031W,,DIXIE,AVE,N,KY1357,ST JOHN,,,,,37.704243468,-85.871202642,17.677,8/24/2022 12:00:00 AM,1033,2,2,0,0,CLEAR,DRY,False,SIDESWIPE-SAME DIRECTION,SIDESWIPE-SAME DIRECTION,STRAIGHT & LEVEL,DAYLIGHT,,,9/26/2022 1:27:02 PM,False,0067,Accepted,
30482368,0780000,MARION COUNTY SHERIFF DEPT.,Accepted,MARION,,190,LOVERS,LN,W,,,,,,,37.513683205,-85.300419910,0.106,8/24/2022 12:00:00 AM,1008,1,1,0,0,CLEAR,DRY,False,OTHER ROADWAY OR MID-BLOCK COLLISION,SINGLE VEHICLE,STRAIGHT & GRADE,DAYLIGHT,,,8/26/2022 11:28:28 AM,False,1201,Accepted,
30478157,0340200,LEXINGTON POLICE DEPARTMENT,Accepted,FAYETTE,,1251,BEAUMONT CENTRE,LN,,,,,SOVEREIGN,,JEKYLL,38.022614776,-84.566317437,0.463,8/24/2022 12:00:00 AM,1415,2,2,0,0,CLEAR,OTHER,False,VEHICLE BACKING NON INTERSECTION,BACKING,CURVE & LEVEL,DAYLIGHT,,,8/25/2022 2:22:49 PM,False,56412,Accepted,
30476755,1200100,VERSAILLES POLICE DEPARTMENT,Accepted,WOODFORD,I 0064,,I64 W,,,,,I 0064,I64 W EXIT65 ON RAMP FROM KY341,I 0064,I64 TURN AROUND64,38.160915697,-84.694301457,64.385,8/23/2022 12:00:00 AM,1236,2,2,0,0,CLEAR,DRY,False,OTHER ROADWAY OR MID-BLOCK COLLISION,REAR END,STRAIGHT & LEVEL,DAYLIGHT,,,8/25/2022 9:15:40 AM,False,138,Accepted,
30471440,0930400,OLDHAM COUNTY POLICE DEPT.,Accepted,OLDHAM,I 0071,,I71 N,,,,,I 0071,I71 N REST AREA13 ON RAMP,I 0071,I71 N REST AREA13 OFF RAMP,38.338234722,-85.517348904,12.947,8/23/2022 12:00:00 AM,1640,1,1,0,0,CLEAR,DRY,False,1 VEHICLE ENTERING OR LEAVING PARKED POSITION (NOT PARKING LOT),SINGLE VEHICLE,STRAIGHT & HILLCREST,DAYLIGHT,,,8/24/2022 8:08:20 AM,False,3058,Accepted,
30471760,0730100,PADUCAH POLICE DEPARTMENT,Accepted,MCCRACKEN,,,25TH,ST,S,,OHIO,,,,,37.068883485,-88.622982565,0.341,8/23/2022 12:00:00 AM,1641,1,1,0,0,CLEAR,DRY,False,OTHER INTERSECTION COLLISIONS,SINGLE VEHICLE,STRAIGHT & LEVEL,DAYLIGHT,,,8/24/2022 9:34:12 AM,False,384,Accepted,
30468824,0470000,HARDIN COUNTY SHERIFF DEPT.,Accepted,HARDIN,I 0065,,I65 S,,,,,,,,,37.810588256,-85.741827667,103.064,8/22/2022 12:00:00 AM,0846,1,1,0,0,CLEAR,DRY,False,COLLISION WITH NON-FIXED OBJECT ,SINGLE VEHICLE,STRAIGHT & LEVEL,DAYLIGHT,,,8/23/2022 4:21:31 PM,False,968,Accepted,
30470124,0250000,CLARK COUNTY SHERIFF DEPT.,Accepted,CLARK,I 0064,,I64 W,,,,,,,,,38.036661294,-84.284941871,89.648,8/22/2022 12:00:00 AM,1305,2,2,0,0,CLEAR,DRY,False,SIDESWIPE COLLISION - SAME DIRECTION,SIDESWIPE-SAME DIRECTION,STRAIGHT & LEVEL,DAYLIGHT,,,8/23/2022 11:31:40 PM,False,608,Accepted,
30486057,KSP0300,KY STATE POLICE POST 03,Accepted,HART,I 0065,,I65 N,,,,,,,,,37.163603895,-85.966707525,54.518,8/21/2022 12:00:00 AM,1141,2,2,0,0,RAINING,WET,False,REAR END IN TRAFFIC LANES BOTH VEHICLES MOVING,REAR END,STRAIGHT & LEVEL,DAYLIGHT,,,8/27/2022 1:32:23 PM,False,632,Accepted,
30478505,KSP0300,KY STATE POLICE POST 03,Accepted,HART,I 0065,,I65 N,,,,,,,,,37.249620361,-85.925474097,61.019,8/20/2022 12:00:00 AM,1534,1,1,0,0,RAINING,WET,False,OTHER ROADWAY OR MID-BLOCK COLLISION,SINGLE VEHICLE,STRAIGHT & GRADE,DAYLIGHT,,,8/25/2022 3:20:07 PM,False,632,Accepted,
30462131,0240000,CHRISTIAN COUNTY SHERIFF OFFICE,Accepted,CHRISTIAN,I 0024,,I24 W,,,,,I 0024,I24 W EXIT86 OFF RAMP TO US41A,I 0024,I24 TURN AROUND87,36.697525892,-87.440933167,86.463,8/20/2022 12:00:00 AM,0320,2,2,0,2,CLEAR,DRY,False,1 VEHICLE PARKED POSITION (NOT PARKING LOT/DRIVEWAY),REAR END,STRAIGHT & LEVEL,DARK-HWY LIGHTED/ON,,,8/22/2022 9:58:02 AM,False,652A,Accepted,
30696678,0990000,POWELL COUNTY SHERIFF DEPT.,Accepted,POWELL,KY9000,35,KY9000 E,,,,,,,,,37.798011119,-83.654373163,35.752,8/19/2022 12:00:00 AM,1345,2,2,0,1,CLEAR,DRY,False,REAR END IN TRAFFIC LANES BOTH VEHICLES MOVING,REAR END,CURVE & GRADE,DAYLIGHT,,,10/17/2022 1:16:20 AM,False,104,Accepted,
30458577,0930400,OLDHAM COUNTY POLICE DEPT.,Accepted,OLDHAM,I 0071,,I71 S,,,,,I 0071,I71 S REST AREA13 OFF RAMP,I 0071,I71 S EXIT14 ON RAMP FROM KY329,38.339821813,-85.512724867,13.218,8/18/2022 12:00:00 AM,0739,3,3,0,0,CLEAR,DRY,False,REAR END IN TRAFFIC LANES BOTH VEHICLES MOVING,REAR END,STRAIGHT & LEVEL,DAYLIGHT,,,8/21/2022 5:47:33 PM,False,3071,Accepted,
30461058,0190200,CAMPBELL COUNTY POLICE DEPT.,Accepted,CAMPBELL,KY0009,,AA,HWY,,,,,THELMA LEE,,ENZWEILER,38.986651660,-84.391465273,,8/18/2022 12:00:00 AM,0808,2,2,0,0,CLEAR,DRY,False,REAR END IN TRAFFIC LANES BOTH VEHICLES MOVING,REAR END,STRAIGHT & GRADE,DAYLIGHT,,,8/22/2022 7:21:19 AM,False,19,Accepted,
30453871,0080000,BOONE COUNTY SHERIFF DEPT.,Accepted,BOONE,KY0018,,BURLINGTON,PIKE,,,CENTENNIAL,,,,,39.014609449,-84.674925777,13.322,8/18/2022 12:00:00 AM,1611,2,2,0,0,CLEAR,DRY,False,OTHER INTERSECTION COLLISIONS,REAR END,STRAIGHT & GRADE,DAYLIGHT,,,8/19/2022 11:03:38 PM,False,3713,Accepted,
30448598,0300000,DAVIESS COUNTY SHERIFF DEPT.,Accepted,DAVIESS,US0060,8900,US60,,,,,,,,,37.836563673,-87.293830181,1.398,8/18/2022 12:00:00 AM,1051,2,2,0,0,CLEAR,DRY,False,1 VEHICLE PARKED POSITION (NOT PARKING LOT/DRIVEWAY),BACKING,STRAIGHT & LEVEL,DAYLIGHT,,,8/18/2022 3:52:13 PM,False,1139,Accepted,
30451103,0568000,LOUISVILLE METRO POLICE DEPT,Accepted,JEFFERSON,,,CHARLOTTE ANN,DR,,,TARA GALE,,,,,38.187407440,-85.844130396,0.085,8/18/2022 12:00:00 AM,1446,2,2,0,0,CLEAR,DRY,False,COLLISION WITH PARKED VEHICLE,SIDESWIPE-SAME DIRECTION,STRAIGHT & LEVEL,DAYLIGHT,,,8/19/2022 7:16:18 AM,False,5208,Accepted,
30452053,0240000,CHRISTIAN COUNTY SHERIFF OFFICE,Accepted,CHRISTIAN,I 0024,,I24 E,,,,,,,,,36.698954152,-87.444577375,86.240,8/18/2022 12:00:00 AM,2140,2,2,0,0,CLEAR,DRY,True,REAR END IN TRAFFIC LANES BOTH VEHICLES MOVING,REAR END,STRAIGHT & LEVEL,DARK-HWY LIGHTED/ON,,,8/19/2022 12:33:26 PM,False,609,Accepted,
30447336,0180000,CALLOWAY COUNTY SHERIFF DEPT.,Accepted,CALLOWAY,US0641,,US641,,N,,,,,,,36.653570039,-88.306617491,10.733,8/17/2022 12:00:00 AM,1630,2,2,0,0,CLEAR,DRY,False,SIDESWIPE COLLISION - SAME DIRECTION,SIDESWIPE-SAME DIRECTION,STRAIGHT & LEVEL,DAYLIGHT,,,8/18/2022 10:52:57 AM,False,18,Accepted,
30440532,0340200,LEXINGTON POLICE DEPARTMENT,Accepted,FAYETTE,I 0075,,I75 N,,,,,,,,,38.058482882,-84.433726171,111.185,8/16/2022 12:00:00 AM,1911,2,2,0,0,CLEAR,DRY,False,REAR END IN TRAFFIC LANES BOTH VEHICLES MOVING,REAR END,STRAIGHT & LEVEL,DAYLIGHT,,,8/17/2022 12:52:58 AM,False,56675,Accepted,
30451943,0100000,BOYD COUNTY SHERIFF DEPARTMENT,Accepted,BOYD,I 0064,,,,,,,,,,,38.366009608,-82.706343588,0.372,8/16/2022 12:00:00 AM,1137,2,2,0,0,CLEAR,DRY,False,OTHER RAMP RELATED COLLISIONS NOT LISTED ABOVE,REAR END,STRAIGHT & LEVEL,DAYLIGHT,KY0180,I 0064,8/19/2022 11:55:23 AM,False,224,Accepted,
30442010,KSP0300,KY STATE POLICE POST 03,Accepted,HART,I 0065,,I65 S,,,,,,,,,37.207191188,-85.936985693,58.041,8/15/2022 12:00:00 AM,1840,2,2,0,0,CLEAR,DRY,False,REAR END IN TRAFFIC LANES BOTH VEHICLES MOVING,REAR END,STRAIGHT & LEVEL,DAYLIGHT,,,8/17/2022 9:44:33 AM,False,411,Accepted,
30442234,0100000,BOYD COUNTY SHERIFF DEPARTMENT,Accepted,BOYD,I 0064,191,I64 E,,,,,,,,,38.380268557,-82.603380074,190.987,8/15/2022 12:00:00 AM,1900,2,2,0,0,CLEAR,DRY,False,REAR END IN TRAFFIC LANES BOTH VEHICLES MOVING,REAR END,STRAIGHT & LEVEL,DAYLIGHT,,,8/17/2022 10:51:35 AM,False,235,Accepted,
30445303,0980100,PIKEVILLE POLICE DEPARTMENT,Accepted,PIKE,US0023,,US23,,,,,,,,,37.492181603,-82.534707930,25.411,8/15/2022 12:00:00 AM,1043,2,2,0,0,CLOUDY,WET,False,REAR END IN TRAFFIC LANES BOTH VEHICLES MOVING,REAR END,STRAIGHT & LEVEL,DAYLIGHT,,,8/17/2022 11:55:02 PM,False,106,Accepted,
30445301,0980100,PIKEVILLE POLICE DEPARTMENT,Accepted,PIKE,US0023,,US23,,,,,,,,,37.491830981,-82.535112159,25.379,8/14/2022 12:00:00 AM,1401,2,2,0,0,CLEAR,DRY,False,REAR END IN TRAFFIC LANES BOTH VEHICLES MOVING,REAR END,STRAIGHT & LEVEL,DAYLIGHT,,,8/17/2022 11:54:57 PM,False,106,Accepted,
30520867,1180000,WHITLEY COUNTY SHERIFF DEPT.,Accepted,WHITLEY,US0025W,,US25W,,S,,,,,,,36.653712645,-84.132868301,5.098,8/14/2022 12:00:00 AM,1218,2,2,0,3,CLEAR,DRY,False,REAR END IN TRAFFIC LANES BOTH VEHICLES MOVING,REAR END,STRAIGHT & LEVEL,DAYLIGHT,,,9/4/2022 11:33:02 PM,False,161,Accepted,
30451483,KSP0300,KY STATE POLICE POST 03,Accepted,HART,I 0065,,I65 S,,,,,,,,,37.217425319,-85.934919714,58.750,8/14/2022 12:00:00 AM,1308,3,3,0,2,CLEAR,DRY,False,SIDESWIPE COLLISION - SAME DIRECTION,SIDESWIPE-SAME DIRECTION,STRAIGHT & LEVEL,DAYLIGHT,,,8/19/2022 9:22:21 AM,False,632,Accepted,
30445175,0410000,GRANT COUNTY SHERIFF DEPT.,Accepted,GRANT,I 0075,,I75 N,,,,,,,,,38.482513179,-84.580354619,143.832,8/13/2022 12:00:00 AM,1430,2,2,0,0,CLEAR,DRY,False,REAR END IN TRAFFIC LANES BOTH VEHICLES MOVING,REAR END,STRAIGHT & LEVEL,DAYLIGHT,,,8/17/2022 10:54:52 PM,False,927,Accepted,
30431724,0568000,LOUISVILLE METRO POLICE DEPT,Accepted,JEFFERSON,I 0265,,I265 N,,,,,,,,,38.262780504,-85.501508526,28.253,8/13/2022 12:00:00 AM,0519,2,2,0,1,CLEAR,DRY,False,SIDESWIPE COLLISION - SAME DIRECTION,SIDESWIPE-SAME DIRECTION,STRAIGHT & LEVEL,DARK-HWY LIGHTED/ON,,,8/15/2022 8:39:40 AM,False,5329,Accepted,
30431661,0240000,CHRISTIAN COUNTY SHERIFF OFFICE,Accepted,CHRISTIAN,I 0024,,I24 E,,,,,,,,,36.698026388,-87.443436943,86.325,8/13/2022 12:00:00 AM,2054,1,1,0,0,CLEAR,DRY,False,OTHER ROADWAY OR MID-BLOCK COLLISION,SINGLE VEHICLE,STRAIGHT & LEVEL,DARK-HWY NOT LIGHTED,,,8/15/2022 8:34:11 AM,False,612,Accepted,
30512991,1160000,WAYNE COUNTY SHERIFF DEPT.,Accepted,WAYNE,KY0090,,KY90,,,,,,,,,36.926281423,-84.759802245,19.375,8/12/2022 12:00:00 AM,1506,2,2,0,0,CLEAR,DRY,False,OTHER ROADWAY OR MID-BLOCK COLLISION,OPPOSING LEFT TURN,STRAIGHT & LEVEL,DAYLIGHT,,,9/2/2022 9:35:05 AM,False,1557,Accepted,
30431958,1060000,SHELBY COUNTY SHERIFF DEPT.,Accepted,SHELBY,I 0064,,I64 W,,,,,,,,,38.148218703,-85.026066270,45.756,8/12/2022 12:00:00 AM,1922,2,2,0,0,CLEAR,DRY,False,REAR END IN TRAFFIC LANES BOTH VEHICLES MOVING,REAR END,STRAIGHT & LEVEL,DAYLIGHT,,,8/15/2022 9:16:10 AM,False,43,Accepted,
30461376,0090000,BOURBON COUNTY SHERIFF DEPT.,Accepted,BOURBON,US0460,,MIDDLETOWN,RD,N,,,,,,,38.180653535,-84.164614022,14.522,8/12/2022 12:00:00 AM,1020,1,1,0,0,CLEAR,DRY,False,OTHER ROADWAY OR MID-BLOCK COLLISION,SINGLE VEHICLE,CURVE & HILLCREST,DAYLIGHT,,,8/22/2022 8:19:58 AM,False,806,Accepted,
31666735,0020000,ALLEN COUNTY SHERIFF DEPT.,Accepted,ALLEN,KY1332,893,POPE,RD,,,,,HALFWAY,,HICKORY,36.777066464,-86.302296340,4.560,8/11/2022 12:00:00 AM,1357,1,1,0,0,CLEAR,DRY,False,RAN OFF ROADWAY (1 VEHICLE WITH/EARTH EMBANKMENT/DITCH),SINGLE VEHICLE,CURVE & GRADE,DAYLIGHT,,,5/23/2023 1:53:53 PM,False,40,Accepted,
30480837,0470100,ELIZABETHTOWN POLICE DEPT.,Accepted,HARDIN,US0031W,,DIXIE,AVE,N,,,,FAIRVIEW,,FREEMAN LAKE PARK,37.714181282,-85.876986980,18.438,8/11/2022 12:00:00 AM,1047,2,1,0,0,CLEAR,DRY,False,SIDESWIPE COLLISION - SAME DIRECTION,SIDESWIPE-SAME DIRECTION,STRAIGHT & LEVEL,DAYLIGHT,,,8/26/2022 3:02:56 AM,False,0084,Accepted,
30443896,0480200,HARLAN POLICE DEPARTMENT,Accepted,HARLAN,US0421,,US421,,S,,,,,,,36.816604108,-83.315513959,13.887,8/11/2022 12:00:00 AM,1650,4,4,0,4,CLEAR,DRY,False,OTHER ROADWAY OR MID-BLOCK COLLISION,REAR END,STRAIGHT & LEVEL,DAYLIGHT,,,8/17/2022 4:30:41 PM,False,234,Accepted,
30421610,0080000,BOONE COUNTY SHERIFF DEPT.,Accepted,BOONE,US0025,,DIXIE,HWY,,,,,,,,38.909910698,-84.619043043,4.162,8/11/2022 12:00:00 AM,1031,2,2,0,0,CLEAR,DRY,False,1 VEHICLE ENTERING/LEAVING ENTRANCE,ANGLE,STRAIGHT & LEVEL,DAYLIGHT,,,8/12/2022 10:32:06 AM,False,3750,Accepted,
30457129,0370000,FRANKLIN COUNTY SHERIFF,Accepted,FRANKLIN,I 0064,,I64 W,,,,,,,,,38.147200357,-84.978687992,48.368,8/10/2022 12:00:00 AM,1830,2,1,0,0,RAINING,WET,False,SIDESWIPE COLLISION - SAME DIRECTION,SIDESWIPE-SAME DIRECTION,CURVE & LEVEL,DAYLIGHT,,,8/21/2022 3:03:41 AM,False,821,Accepted,
30419312,0250000,CLARK COUNTY SHERIFF DEPT.,Accepted,CLARK,I 0064,,I64 E,,,,,,,I 0064,I64 E EXIT94 OFF RAMP TO KY627 BYP,38.035403118,-84.278532567,90.025,8/10/2022 12:00:00 AM,1655,2,2,0,0,RAINING,WET,True,SIDESWIPE COLLISION - SAME DIRECTION,SIDESWIPE-SAME DIRECTION,STRAIGHT & LEVEL,DAYLIGHT,,,8/11/2022 9:08:00 PM,False,617,Accepted,
30411060,0340200,LEXINGTON POLICE DEPARTMENT,Accepted,FAYETTE,,,CLAYS MILL,RD,,,SHERIDAN,,,,,38.019717253,-84.534505645,0.824,8/9/2022 12:00:00 AM,1055,2,1,0,1,CLEAR,DRY,True,COLLISION WITH PEDESTRIAN IN INTERSECTION,SINGLE VEHICLE,STRAIGHT & LEVEL,DAYLIGHT,,,8/10/2022 8:07:16 AM,False,56481,Accepted,
30769601,0980100,PIKEVILLE POLICE DEPARTMENT,Accepted,PIKE,US0023,,US23,,,,,,,,,37.510311621,-82.541601069,27.016,8/9/2022 12:00:00 AM,1631,2,2,0,0,CLEAR,DRY,True,SIDESWIPE COLLISION - SAME DIRECTION,SIDESWIPE-SAME DIRECTION,STRAIGHT & LEVEL,DAYLIGHT,,,11/3/2022 6:07:50 AM,False,122,Accepted,
30408148,1060100,SHELBYVILLE POLICE DEPARTMENT,Accepted,SHELBY,KY0053,,MT EDEN,RD,,,,,,CS1176,UNDALATA FRONTAGE,38.188656306,-85.211775985,6.305,8/9/2022 12:00:00 AM,0817,2,2,0,0,CLEAR,DRY,False,1 VEHICLE ENTERING/LEAVING ENTRANCE,ANGLE,STRAIGHT & LEVEL,DAYLIGHT,,,8/9/2022 3:40:52 PM,False,232,Accepted,
30408222,1100100,ELKTON POLICE DEPARTMENT,Accepted,TODD,US0068,,RUSSELLVILLE,RD,,KY0181,GREENVILLE,,,,,36.824194643,-87.151066419,8.724,8/9/2022 12:00:00 AM,1011,2,2,0,0,CLEAR,DRY,False,ANGLE COLLISION - OTHER,ANGLE,STRAIGHT & LEVEL,DAYLIGHT,,,8/9/2022 3:59:00 PM,False,101,Accepted,
30417273,0760200,RICHMOND POLICE DEPARTMENT,Accepted,MADISON,US0025,,ROBERT R MARTIN,BYP,,KY1986,TROOPER CUNNINGHAM MEMORIAL,,,,,37.772524274,-84.287751753,18.696,8/9/2022 12:00:00 AM,1237,2,2,0,0,CLEAR,DRY,False,OPPOSING LEFT TURN,OPPOSING LEFT TURN,STRAIGHT & LEVEL,DAYLIGHT,,,8/11/2022 12:36:41 PM,False,9316,Accepted,
30411066,0340200,LEXINGTON POLICE DEPARTMENT,Accepted,FAYETTE,US0025,,GEORGETOWN,RD,,,,,KEARNEY RIDGE,KY2886,KEARNEY,38.114470776,-84.520780962,19.008,8/9/2022 12:00:00 AM,0825,2,2,0,3,CLEAR,DRY,False,OTHER ROADWAY OR MID-BLOCK COLLISION,REAR END,CURVE & HILLCREST,DAYLIGHT,,,8/10/2022 8:07:56 AM,False,56412,Accepted,
30421074,0568000,LOUISVILLE METRO POLICE DEPT,Accepted,JEFFERSON,I 0064,,I64 W,,,,,,,,,38.276596833,-85.819732055,0.368,8/9/2022 12:00:00 AM,2232,3,3,0,5,CLEAR,DRY,False,REAR END IN TRAFFIC LANES BOTH VEHICLES MOVING,REAR END,STRAIGHT & LEVEL,DARK-HWY LIGHTED/ON,,,8/12/2022 8:09:16 AM,False,5250,Accepted,
30430570,0930400,OLDHAM COUNTY POLICE DEPT.,Accepted,OLDHAM,I 0071,,I71 N,,,,,,,,,38.341414943,-85.501750253,13.820,8/9/2022 12:00:00 AM,2339,1,1,0,0,CLEAR,DRY,False,COLLISION WITH FIXED OBJECT NON - INTERSECTION - FIRST EVENT COLLISION 09 - 32 EXCLUDING 16,SINGLE VEHICLE,CURVE & GRADE,DARK-HWY NOT LIGHTED,,,8/15/2022 3:02:03 AM,False,3104,Accepted,
30406065,0590100,COVINGTON POLICE DEPARTMENT,Accepted,KENTON,,,HIGHLAND,AVE,,,BENTON,,,,,39.064585318,-84.515991389,0.739,8/8/2022 12:00:00 AM,2200,1,1,0,0,CLEAR,DRY,False,COLLISION WITH FIXED OBJECT IN INTERSECTION - FIRST EVENT COLLISION 09 - 32,SINGLE VEHICLE,STRAIGHT & LEVEL,DARK-HWY LIGHTED/ON,,,8/9/2022 8:47:56 AM,False,0322,Accepted,
30409364,0760200,RICHMOND POLICE DEPARTMENT,Accepted,MADISON,US0025,,ROBERT R MARTIN,BYP,,,,KY0388,RED HOUSE,KY1986,TROOPER CUNNINGHAM MEMORIAL,37.771393542,-84.284582101,18.507,8/8/2022 12:00:00 AM,1519,3,3,0,2,CLEAR,DRY,False,OTHER ROADWAY OR MID-BLOCK COLLISION,REAR END,CURVE & GRADE,DAYLIGHT,,,8/9/2022 8:53:57 PM,False,9368,Accepted,
30408269,0980100,PIKEVILLE POLICE DEPARTMENT,Accepted,PIKE,US0023,,US23,,,,,,,,,37.494102343,-82.532550544,25.588,8/8/2022 12:00:00 AM,1239,2,2,0,0,CLEAR,DRY,False,REAR END IN TRAFFIC LANES BOTH VEHICLES MOVING,REAR END,STRAIGHT & LEVEL,DAYLIGHT,,,8/9/2022 4:05:27 PM,False,106,Accepted,
30406091,1060000,SHELBY COUNTY SHERIFF DEPT.,Accepted,SHELBY,I 0064,,I64 E,,,,,,,,,38.156418449,-85.080970479,42.684,8/8/2022 12:00:00 AM,1143,2,2,0,0,CLEAR,DRY,False,REAR END IN TRAFFIC LANES BOTH VEHICLES MOVING,REAR END,STRAIGHT & LEVEL,DAYLIGHT,,,8/9/2022 8:52:37 AM,False,25,Accepted,
30406206,0470000,HARDIN COUNTY SHERIFF DEPT.,Accepted,HARDIN,I 0065,,I65 N,,,,,,,,,37.810330444,-85.741838377,103.050,8/8/2022 12:00:00 AM,1444,2,2,0,0,CLEAR,DRY,False,SIDESWIPE COLLISION - SAME DIRECTION,SIDESWIPE-SAME DIRECTION,STRAIGHT & LEVEL,DAYLIGHT,,,8/9/2022 9:13:58 AM,False,958,Accepted,