IncidentID,AgencyORI,AgencyName,IncidentStatusDesc,County,RdwyNumber,Street,RoadwayName,StreetSfx,StreetDir,IntersectionRdwy,IntersectionRdwyName,BetweenStRdwy1,BetweenStRdwyName1,BetweenStRdwy2,BetweenStRdwyName2,Latitude,Longitude,Milepoint,CollisionDate,CollisionTime,UnitsInvolved,MotorVehiclesInvolved,NumberKilled,NumberInjured,Weather,RdwyConditionCode,HitandRun,DirAnalysisCode,MannerofCollision,RdwyCharacter,LightCondition,RampFromRdwyId,RampToRdwyId,AcceptedDate,IsSecondaryCollision,OwnerBadge,IncidentStatus,
30314857,0080000,BOONE COUNTY SHERIFF DEPT.,Accepted,BOONE,I 0075,,I75 S,,,,,,,,,38.910412784,-84.628493389,174.880,7/17/2022 12:00:00 AM,0736,1,1,0,0,RAINING,WATER (STANDING OR MOVING),False,OTHER ROADWAY OR MID-BLOCK COLLISION,SINGLE VEHICLE,STRAIGHT & LEVEL,DAWN,,,7/18/2022 9:32:27 AM,False,3710,Accepted,
30316167,0470000,HARDIN COUNTY SHERIFF DEPT.,Accepted,HARDIN,I 0065,,I65 N,,,,,,,,,37.805313772,-85.746570280,102.618,7/17/2022 12:00:00 AM,1225,5,5,0,3,CLEAR,DRY,False,REAR END IN TRAFFIC LANES BOTH VEHICLES MOVING,REAR END,STRAIGHT & LEVEL,DAYLIGHT,,,7/18/2022 2:32:48 PM,False,958,Accepted,
30327249,KSP0300,KY STATE POLICE POST 03,Accepted,HART,I 0065,,I65 N,,,,,,,,,37.206909091,-85.936788102,58.017,7/17/2022 12:00:00 AM,1341,3,3,0,0,RAINING,WET,False,REAR END IN TRAFFIC LANES BOTH VEHICLES MOVING,REAR END,STRAIGHT & LEVEL,DAYLIGHT,,,7/20/2022 6:02:26 PM,False,632,Accepted,
30319010,0080000,BOONE COUNTY SHERIFF DEPT.,Accepted,BOONE,KY0237,,PLEASANT VALLEY,RD,,,FOUNDERS,,,,,38.987513172,-84.694490452,3.675,7/16/2022 12:00:00 AM,1200,2,2,0,1,CLEAR,DRY,False,OTHER INTERSECTION COLLISIONS,REAR END,CURVE & GRADE,DAYLIGHT,,,7/19/2022 8:20:58 AM,False,3719,Accepted,
30316932,0540000,HOPKINS COUNTY SHERIFF DEPT.,Accepted,HOPKINS,I 0069,,I69 N,,,,,,,,,37.212535013,-87.462230554,105.256,7/16/2022 12:00:00 AM,2138,1,1,0,0,CLEAR,DRY,False,COLLISION WITH FIXED OBJECT NON - INTERSECTION - FIRST EVENT COLLISION 09 - 32 EXCLUDING 16,SINGLE VEHICLE,CURVE & GRADE,DARK-HWY NOT LIGHTED,,,7/18/2022 5:03:09 PM,False,310,Accepted,
30311293,0730100,PADUCAH POLICE DEPARTMENT,Accepted,MCCRACKEN,US0045X,,US45 BUS,,,US0060X,US60 BUS,,,,,37.091264991,-88.607184557,2.974,7/16/2022 12:00:00 AM,2058,1,1,0,0,CLEAR,DRY,False,COLLISION WITH FIXED OBJECT IN INTERSECTION - FIRST EVENT COLLISION 09 - 32,SINGLE VEHICLE,STRAIGHT & LEVEL,DARK-HWY LIGHTED/ON,,,7/17/2022 6:59:47 AM,False,380,Accepted,
30329379,0930400,OLDHAM COUNTY POLICE DEPT.,Accepted,OLDHAM,,,RUTLAND,RD,,KY1793,SOUTH,,,,,38.408968009,-85.604280023,0.011,7/15/2022 12:00:00 AM,2130,2,2,0,0,CLEAR,DRY,False,REAR END - ONE VEHICLE TURNING LEFT,REAR END,STRAIGHT & GRADE,DARK-HWY NOT LIGHTED,,,7/21/2022 8:50:51 AM,False,3108,Accepted,
30418087,1160000,WAYNE COUNTY SHERIFF DEPT.,Accepted,WAYNE,KY0090,,KY90,,,,,,,,,36.925476546,-84.761589688,19.262,7/15/2022 12:00:00 AM,0739,3,3,0,1,FOG,DRY,False,OTHER ROADWAY OR MID-BLOCK COLLISION,OPPOSING LEFT TURN,STRAIGHT & LEVEL,DAYLIGHT,,,8/11/2022 3:28:34 PM,False,1557,Accepted,
30316263,0561000,JEFFERSONTOWN POLICE DEPT,Accepted,JEFFERSON,KY0913,,BLANKENBAKER,PKWY,,,,,,,,38.209792158,-85.538911912,1.896,7/15/2022 12:00:00 AM,1349,2,2,0,0,CLEAR,DRY,False,REAR END IN TRAFFIC LANES BOTH VEHICLES MOVING,REAR END,STRAIGHT & LEVEL,DAYLIGHT,,,7/18/2022 2:53:00 PM,False,8318,Accepted,
30332950,0300100,OWENSBORO POLICE DEPARTMENT,Accepted,DAVIESS,,,HAYDEN,RD,,KY0603,KY 603,,,,,37.767987111,-87.059565076,,7/15/2022 12:00:00 AM,1247,1,1,0,0,CLEAR,DRY,False,OTHER INTERSECTION COLLISIONS,SINGLE VEHICLE,STRAIGHT & LEVEL,DAYLIGHT,,,7/22/2022 3:09:48 AM,False,349,Accepted,
30314387,0568000,LOUISVILLE METRO POLICE DEPT,Accepted,JEFFERSON,I 0265,,I265 SB,,,,,,,,,38.224857663,-85.505530115,25.593,7/15/2022 12:00:00 AM,1220,1,1,0,1,CLOUDY,DRY,False,OTHER ROADWAY OR MID-BLOCK COLLISION,SINGLE VEHICLE,STRAIGHT & LEVEL,DAYLIGHT,,,7/18/2022 8:47:29 AM,False,7751,Accepted,
30315144,0590400,FT. WRIGHT POLICE DEPARTMENT,Accepted,KENTON,KY1072,,HIGHLAND,PIKE,,KY0017,MADISON,,,,,39.035551664,-84.531774537,0.728,7/15/2022 12:00:00 AM,1015,2,2,0,0,CLEAR,DRY,False,SIDESWIPE-SAME DIRECTION,SIDESWIPE-SAME DIRECTION,STRAIGHT & LEVEL,DAYLIGHT,,,7/18/2022 10:40:03 AM,False,407,Accepted,
30305496,0990100,STANTON POLICE DEPARTMENT,Accepted,POWELL,KY0213,,MAIN,ST,N,,,,,,,37.849626199,-83.857859145,7.878,7/14/2022 12:00:00 AM,0900,1,1,0,0,CLEAR,DRY,False,OTHER COLLISIONS ON SHOULDER,SINGLE VEHICLE,STRAIGHT & LEVEL,DAYLIGHT,,,7/15/2022 11:06:48 AM,False,279,Accepted,
30347152,0260100,MANCHESTER POLICE DEPARTMENT,Accepted,CLAY,,56,MARIE LANGDON DR,,,,,,,,,37.163458918,-83.759902502,,7/14/2022 12:00:00 AM,0834,2,2,0,0,CLEAR,DRY,False,COLLISION IN PARKING LOT,SIDESWIPE-OPPOSITE DIRECTION,STRAIGHT & LEVEL,DAYLIGHT,,,7/25/2022 7:41:11 PM,False,109,Accepted,
30307312,0730100,PADUCAH POLICE DEPARTMENT,Accepted,MCCRACKEN,I 0024,,I24 E,,,,,,,,,37.047487375,-88.648326782,7.185,7/14/2022 12:00:00 AM,1620,2,2,0,0,CLEAR,DRY,False,REAR END IN TRAFFIC LANES BOTH VEHICLES MOVING,REAR END,STRAIGHT & LEVEL,DAYLIGHT,,,7/15/2022 7:30:47 PM,False,391,Accepted,
30305089,1060000,SHELBY COUNTY SHERIFF DEPT.,Accepted,SHELBY,I 0064,,I64 W,,,,,,,,,38.151134106,-85.049484331,44.463,7/14/2022 12:00:00 AM,2135,2,2,0,0,CLOUDY,DRY,False,SIDESWIPE COLLISION - SAME DIRECTION,SIDESWIPE-SAME DIRECTION,STRAIGHT & LEVEL,DARK-HWY NOT LIGHTED,,,7/15/2022 9:04:16 AM,False,10,Accepted,
30304661,0080000,BOONE COUNTY SHERIFF DEPT.,Accepted,BOONE,KY0018,,BURLINGTON,PIKE,,,CENTENNIAL,,,,,39.013150651,-84.672300140,13.491,7/13/2022 12:00:00 AM,0318,2,2,0,0,CLEAR,DRY,False,COLLISION WITH PARKED VEHICLE,ANGLE,STRAIGHT & GRADE,DARK-HWY NOT LIGHTED,,,7/15/2022 6:46:46 AM,False,3760,Accepted,
30313183,0730000,MCCRACKEN COUNTY SHERIFF DEPT.,Accepted,MCCRACKEN,I 0024,13.5,I24 W,,,,,,,,,37.002929175,-88.553214262,13.358,7/13/2022 12:00:00 AM,1710,2,2,0,0,CLEAR,DRY,False,OTHER ROADWAY OR MID-BLOCK COLLISION,REAR END,STRAIGHT & LEVEL,DAYLIGHT,,,7/18/2022 12:55:14 AM,False,20,Accepted,
30310749,0930100,LAGRANGE POLICE DEPARTMENT,Accepted,OLDHAM,KY0053,,1ST,AVE,S,,,,,,,38.398257839,-85.372112911,6.142,7/13/2022 12:00:00 AM,1335,2,2,0,0,CLEAR,DRY,False,REAR END IN TRAFFIC LANES BOTH VEHICLES MOVING,REAR END,STRAIGHT & LEVEL,DAYLIGHT,,,7/17/2022 2:14:27 AM,False,2041,Accepted,
31311699,0470000,HARDIN COUNTY SHERIFF DEPT.,Accepted,HARDIN,I 0065,,I65 S,,,,,,,,,37.811916705,-85.740499640,103.181,7/13/2022 12:00:00 AM,1245,2,2,0,0,CLEAR,DRY,True,SIDESWIPE COLLISION - SAME DIRECTION,SIDESWIPE-SAME DIRECTION,CURVE & GRADE,DAYLIGHT,,,3/3/2023 1:19:27 PM,False,965,Accepted,
30329245,0470100,ELIZABETHTOWN POLICE DEPT.,Accepted,HARDIN,US0031W,,DIXIE,AVE,W,,,KY1357,ST JOHN,,SUNSET,37.704061288,-85.871039640,17.662,7/13/2022 12:00:00 AM,1226,2,2,0,0,CLEAR,DRY,False,SIDESWIPE COLLISION - SAME DIRECTION,SIDESWIPE-SAME DIRECTION,STRAIGHT & LEVEL,DAYLIGHT,,,7/21/2022 8:01:19 AM,False,0073,Accepted,
30407436,0390000,GALLATIN COUNTY SHERIFF DEPT.,Accepted,GALLATIN,US0042,,US42,,W,,,,,,,38.781098491,-84.917069543,4.270,7/12/2022 12:00:00 AM,1500,1,1,0,0,CLEAR,DRY,False,COLLISION WITH FIXED OBJECT NON - INTERSECTION - FIRST EVENT COLLISION 09 - 32 EXCLUDING 16,SINGLE VEHICLE,STRAIGHT & GRADE,DAYLIGHT,,,8/9/2022 1:27:29 PM,False,104,Accepted,
30305497,0990100,STANTON POLICE DEPARTMENT,Accepted,POWELL,KY0213,,MAIN,ST,N,,,,,,,37.849626199,-83.857859145,7.878,7/12/2022 12:00:00 AM,1400,1,1,0,0,CLEAR,DRY,False,COLLISION WITH FIXED OBJECT NON - INTERSECTION - FIRST EVENT COLLISION 09 - 32 EXCLUDING 16,SINGLE VEHICLE,STRAIGHT & LEVEL,DAYLIGHT,,,7/15/2022 11:06:56 AM,False,279,Accepted,
30296974,0730000,MCCRACKEN COUNTY SHERIFF DEPT.,Accepted,MCCRACKEN,I 0024,,I24 W,,,,,,,,,37.009821088,-88.570662782,12.274,7/12/2022 12:00:00 AM,1616,2,2,0,0,CLEAR,DRY,True,OTHER ROADWAY OR MID-BLOCK COLLISION,REAR END,STRAIGHT & LEVEL,DAYLIGHT,,,7/13/2022 12:31:45 PM,False,52,Accepted,
30322406,KSP0400,KY STATE POLICE POST 04,Accepted,BULLITT,I 0065,,,,,,,,,,,37.827656816,-85.721359730,0.278,7/12/2022 12:00:00 AM,1910,2,2,0,0,CLOUDY,DRY,True,OTHER RAMP RELATED COLLISIONS NOT LISTED ABOVE,REAR END,STRAIGHT & HILLCREST,DAYLIGHT,KY0061,I 0065,7/19/2022 8:53:01 PM,False,795,Accepted,
30289648,0470000,HARDIN COUNTY SHERIFF DEPT.,Accepted,HARDIN,I 0065,,I65 N,,,,,,,,,37.806620502,-85.745413574,102.728,7/11/2022 12:00:00 AM,0733,1,1,0,0,CLEAR,DRY,False,OTHER COLLISIONS ON SHOULDER,SINGLE VEHICLE,STRAIGHT & LEVEL,DAYLIGHT,,,7/11/2022 4:49:33 PM,False,958,Accepted,
30289650,0470000,HARDIN COUNTY SHERIFF DEPT.,Accepted,HARDIN,I 0065,,I65 N,,,,,,,,,37.803051634,-85.748108015,102.434,7/11/2022 12:00:00 AM,0909,2,2,0,0,CLEAR,DRY,False,SIDESWIPE COLLISION - SAME DIRECTION,SIDESWIPE-SAME DIRECTION,STRAIGHT & LEVEL,DAYLIGHT,,,7/11/2022 4:49:37 PM,True,958,Accepted,
30313119,0730000,MCCRACKEN COUNTY SHERIFF DEPT.,Accepted,MCCRACKEN,I 0024,,I24 W,,,,,,,,,37.014366582,-88.591678085,11.058,7/11/2022 12:00:00 AM,1747,2,2,0,0,CLEAR,DRY,False,REAR END IN TRAFFIC LANES BOTH VEHICLES MOVING,REAR END,STRAIGHT & LEVEL,DAYLIGHT,,,7/18/2022 12:30:27 AM,False,25,Accepted,
30288028,KSP0400,KY STATE POLICE POST 04,Accepted,BULLITT,I 0065,,I65 N,,,,,,,,,37.819276938,-85.732724293,103.844,7/10/2022 12:00:00 AM,1234,3,3,0,0,CLEAR,DRY,False,REAR END IN TRAFFIC LANES BOTH VEHICLES MOVING,REAR END,STRAIGHT & LEVEL,DAYLIGHT,,,7/11/2022 10:39:06 AM,False,518,Accepted,
30284930,0150000,BULLITT COUNTY SHERIFF DEPT.,Accepted,BULLITT,I 0065,,I65 NB,,,,,,,,,37.818256595,-85.733686599,103.756,7/10/2022 12:00:00 AM,1420,2,2,0,0,CLEAR,DRY,False,REAR END IN TRAFFIC LANES BOTH VEHICLES MOVING,REAR END,STRAIGHT & LEVEL,DAYLIGHT,,,7/10/2022 5:40:38 PM,False,1182,Accepted,
30288029,KSP0400,KY STATE POLICE POST 04,Accepted,HARDIN,I 0065,,I65 N,,,,,,,,,37.802860990,-85.748371238,102.414,7/10/2022 12:00:00 AM,1400,2,2,0,0,CLEAR,DRY,False,REAR END IN TRAFFIC LANES BOTH VEHICLES MOVING,REAR END,STRAIGHT & LEVEL,DAYLIGHT,,,7/11/2022 10:39:16 AM,True,518,Accepted,
30291962,KSP0600,KY STATE POLICE POST 06,Accepted,GRANT,,,FERGUSON,BLVD,,,,,,,,38.680676070,-84.596033327,0.080,7/10/2022 12:00:00 AM,1856,2,2,0,0,CLEAR,DRY,False,COLLISION IN PARKING LOT,BACKING,STRAIGHT & LEVEL,DAYLIGHT,,,7/12/2022 9:14:20 AM,False,1057,Accepted,
30287390,0568000,LOUISVILLE METRO POLICE DEPT,Accepted,JEFFERSON,I 0265,,I265 N,,,,,,,,,38.280069142,-85.499992335,29.477,7/9/2022 12:00:00 AM,1515,2,2,0,0,RAINING,WET,True,SIDESWIPE COLLISION - SAME DIRECTION,SIDESWIPE-SAME DIRECTION,STRAIGHT & LEVEL,DAYLIGHT,,,7/11/2022 8:19:09 AM,False,5329,Accepted,
30281676,KSP0400,KY STATE POLICE POST 04,Accepted,BULLITT,I 0065,,I65 S,,,,,,,,,37.841252144,-85.716370392,105.671,7/8/2022 12:00:00 AM,1345,2,2,0,0,RAINING,WET,False,SIDESWIPE COLLISION - SAME DIRECTION,SIDESWIPE-SAME DIRECTION,STRAIGHT & GRADE,DAYLIGHT,,,7/9/2022 10:54:04 AM,False,571,Accepted,
30476448,0470100,ELIZABETHTOWN POLICE DEPT.,Accepted,HARDIN,US0031W,,DIXIE,AVE,N,,,,FREEMAN LAKE PARK,,FAIRVIEW,37.715937335,-85.877844617,18.570,7/8/2022 12:00:00 AM,1258,2,2,0,0,CLOUDY,DRY,True,SIDESWIPE COLLISION - SAME DIRECTION,SIDESWIPE-SAME DIRECTION,STRAIGHT & LEVEL,DAYLIGHT,,,8/25/2022 7:52:37 AM,False,0090,Accepted,
30349465,KSP0300,KY STATE POLICE POST 03,Accepted,SIMPSON,I 0065,,I65 N,,,,,,,,,36.729013054,-86.514792218,7.018,7/8/2022 12:00:00 AM,0342,2,2,0,0,CLEAR,DRY,False,SIDESWIPE COLLISION - SAME DIRECTION,SIDESWIPE-SAME DIRECTION,STRAIGHT & LEVEL,DARK-HWY LIGHTED/ON,,,7/26/2022 10:29:58 AM,False,291,Accepted,
30275773,0730000,MCCRACKEN COUNTY SHERIFF DEPT.,Accepted,MCCRACKEN,I 0024,,I24 W,,,,,,,,,37.126984403,-88.689405500,0.856,7/7/2022 12:00:00 AM,1532,2,2,0,0,CLEAR,DRY,False,OTHER ROADWAY OR MID-BLOCK COLLISION,REAR END,STRAIGHT & LEVEL,DAYLIGHT,,,7/7/2022 7:48:01 PM,False,52,Accepted,
30301590,KSP0500,KY STATE POLICE POST 05,Accepted,HENRY,I 0071,,I71 S,,,,,,,,,38.442752909,-85.308139208,26.451,7/7/2022 12:00:00 AM,2124,1,1,0,0,CLEAR,WET,False,OTHER COLLISIONS ON SHOULDER,SINGLE VEHICLE,STRAIGHT & LEVEL,DARK-HWY NOT LIGHTED,,,7/14/2022 1:31:41 PM,False,390,Accepted,
30612810,0470100,ELIZABETHTOWN POLICE DEPT.,Accepted,HARDIN,US0031W,,DIXIE,AVE,N,,,,LAYMAN,,MEMORIAL,37.712546547,-85.876475542,18.322,7/6/2022 12:00:00 AM,0035,1,1,0,0,CLEAR,DRY,False,COLLISION WITH NON-FIXED OBJECT ,SINGLE VEHICLE,STRAIGHT & LEVEL,DARK-HWY LIGHTED/ON,,,9/26/2022 1:41:56 PM,False,0138,Accepted,
30315882,1180000,WHITLEY COUNTY SHERIFF DEPT.,Accepted,WHITLEY,US0025W,,US25W,,S,,,,,,,36.669416800,-84.130349966,6.226,7/6/2022 12:00:00 AM,1459,1,1,0,1,RAINING,WET,False,OTHER COLLISIONS ON SHOULDER,SINGLE VEHICLE,CURVE & LEVEL,DAYLIGHT,,,7/18/2022 1:24:00 PM,False,184,Accepted,
30292262,1180200,WILLIAMSBURG POLICE DEPARTMENT,Accepted,WHITLEY,US0025W,,US25W,,N,,,,,,,36.792116755,-84.168054193,16.117,7/6/2022 12:00:00 AM,1100,1,1,0,0,CLEAR,DRY,False,COLLISION WITH FIXED OBJECT NON - INTERSECTION - FIRST EVENT COLLISION 09 - 32 EXCLUDING 16,SINGLE VEHICLE,STRAIGHT & GRADE,DAYLIGHT,,,7/12/2022 11:03:44 AM,False,126,Accepted,
30303925,1180200,WILLIAMSBURG POLICE DEPARTMENT,Accepted,WHITLEY,I 0075,,,,,,,,,,,36.792172704,-84.168031468,0.020,7/6/2022 12:00:00 AM,1113,1,1,0,0,CLEAR,DRY,False,COLLISION WITH FIXED OBJECT NOT IN GORE ,SINGLE VEHICLE,STRAIGHT & LEVEL,DAYLIGHT,US25W,I 0075,7/15/2022 1:03:33 AM,False,119,Accepted,
30279085,0470100,ELIZABETHTOWN POLICE DEPT.,Accepted,HARDIN,US0031W,,DIXIE,AVE,N,,BANKVIEW,,,,,37.717879933,-85.879113969,18.721,7/6/2022 12:00:00 AM,1116,2,2,0,1,CLEAR,DRY,False,ANGLE COLLISION - OTHER,ANGLE,STRAIGHT & LEVEL,DAYLIGHT,,,7/8/2022 3:23:15 PM,False,0100,Accepted,
30612807,0470100,ELIZABETHTOWN POLICE DEPT.,Accepted,HARDIN,US0031W,,DIXIE,AVE,N,,LAYMAN,,,,,37.712777368,-85.876509377,18.334,7/5/2022 12:00:00 AM,0938,2,2,0,0,CLEAR,DRY,False,ANGLE COLLISION - OTHER,ANGLE,STRAIGHT & LEVEL,DAYLIGHT,,,9/26/2022 1:41:39 PM,False,0067,Accepted,
30277953,0080000,BOONE COUNTY SHERIFF DEPT.,Accepted,BOONE,US0025,,DIXIE,HWY,,,,,SHORLAND,,OLD RICHWOOD,38.921533004,-84.625706638,5.048,7/5/2022 12:00:00 AM,1248,2,2,0,0,CLEAR,DRY,False,VEHICLE BACKING NON INTERSECTION,BACKING,STRAIGHT & LEVEL,DAYLIGHT,,,7/8/2022 9:54:04 AM,False,3721,Accepted,
30268285,0080000,BOONE COUNTY SHERIFF DEPT.,Accepted,BOONE,KY0020,2412,PETERSBURG,RD,,,,,,,,39.067747451,-84.719956555,15.698,7/5/2022 12:00:00 AM,1325,2,2,0,0,CLEAR,DRY,False,REAR END IN TRAFFIC LANES BOTH VEHICLES MOVING,REAR END,STRAIGHT & GRADE,DAYLIGHT,,,7/6/2022 8:55:57 AM,False,3712,Accepted,
30443081,1060100,SHELBYVILLE POLICE DEPARTMENT,Accepted,SHELBY,US0060,200,FRANKFORT,RD,,,,,,,,38.210448181,-85.204366808,11.356,7/5/2022 12:00:00 AM,1430,2,2,0,0,CLEAR,DRY,False,OTHER ROADWAY OR MID-BLOCK COLLISION,REAR END,STRAIGHT & LEVEL,DAYLIGHT,,,8/17/2022 2:31:55 PM,False,130,Accepted,
30268131,0568000,LOUISVILLE METRO POLICE DEPT,Accepted,JEFFERSON,,,CLIFTON,AVE,S,US0060,FRANKFORT,,,,,38.253620780,-85.706131882,0.001,7/5/2022 12:00:00 AM,1820,1,1,0,0,CLEAR,DRY,False,COLLISION WITH FIXED OBJECT IN INTERSECTION - FIRST EVENT COLLISION 09 - 32,SINGLE VEHICLE,STRAIGHT & LEVEL,DAYLIGHT,,,7/6/2022 8:09:43 AM,False,5446,Accepted,
30268127,0568000,LOUISVILLE METRO POLICE DEPT,Accepted,JEFFERSON,I 0064,,I64 E,,,,,,,,,38.276969140,-85.820280123,0.326,7/5/2022 12:00:00 AM,1901,1,1,0,0,CLEAR,DRY,False,OTHER ROADWAY OR MID-BLOCK COLLISION,SINGLE VEHICLE,STRAIGHT & LEVEL,DAYLIGHT,,,7/6/2022 8:09:26 AM,False,5285,Accepted,
30274526,KSP0400,KY STATE POLICE POST 04,Accepted,HARDIN,I 0065,,I65 S,,,,,,,,,37.813076036,-85.739274416,103.285,7/4/2022 12:00:00 AM,2009,2,2,0,0,CLEAR,DRY,False,SIDESWIPE COLLISION - SAME DIRECTION,SIDESWIPE-SAME DIRECTION,STRAIGHT & LEVEL,DAYLIGHT,,,7/7/2022 3:08:04 PM,False,841,Accepted,
30263292,0568000,LOUISVILLE METRO POLICE DEPT,Accepted,JEFFERSON,I 0265,,I265 N,,,,,,,,,38.236676178,-85.504137219,26.446,7/4/2022 12:00:00 AM,1007,2,2,0,0,CLEAR,DRY,False,SIDESWIPE COLLISION - SAME DIRECTION,SIDESWIPE-SAME DIRECTION,STRAIGHT & LEVEL,DAYLIGHT,,,7/5/2022 8:46:49 AM,False,4903,Accepted,
30263340,0990100,STANTON POLICE DEPARTMENT,Accepted,POWELL,KY0213,663,MAIN,ST,N,,,,,,,37.855199384,-83.855106327,8.289,7/4/2022 12:00:00 AM,2219,1,1,0,1,CLEAR,DRY,False,COLLISION WITH FIXED OBJECT NON - INTERSECTION - FIRST EVENT COLLISION 09 - 32 EXCLUDING 16,SINGLE VEHICLE,STRAIGHT & LEVEL,DARK (UNKNOWN ROADWAY LIGHTING),,,7/5/2022 8:55:41 AM,False,136,Accepted,
30279073,0470100,ELIZABETHTOWN POLICE DEPT.,Accepted,HARDIN,US0031W,,DIXIE,AVE,N,,FAIRVIEW,,,,,37.713543224,-85.876965585,18.396,7/2/2022 12:00:00 AM,2134,2,2,0,1,CLEAR,DRY,False,ANGLE COLLISION - OTHER,ANGLE,STRAIGHT & LEVEL,DARK-HWY LIGHTED/ON,,,7/8/2022 3:22:37 PM,False,0154,Accepted,
30268334,KSP0900,KY STATE POLICE POST 09,Accepted,FLOYD,US0023,,US23,,,,,,,,,37.609229920,-82.705129370,9.436,7/1/2022 12:00:00 AM,1720,2,2,0,0,CLEAR,DRY,False,REAR END IN TRAFFIC LANES BOTH VEHICLES MOVING,REAR END,STRAIGHT & LEVEL,DUSK,,,7/6/2022 9:02:49 AM,False,744,Accepted,
30263734,1140000,WARREN COUNTY SHERIFF DEPT.,Accepted,WARREN,US0031W,,NASHVILLE,RD,,,,,,,,36.884482408,-86.525059899,4.236,7/1/2022 12:00:00 AM,0949,2,2,0,0,CLEAR,DRY,False,OTHER ROADWAY OR MID-BLOCK COLLISION,REAR END,STRAIGHT & LEVEL,DAYLIGHT,,,7/5/2022 10:12:21 AM,False,416,Accepted,
30263573,1060000,SHELBY COUNTY SHERIFF DEPT.,Accepted,SHELBY,I 0064,,I64 W,,,I 0064,I64 W EXIT42 ON RAMP FROM KY395,,,,,38.155362665,-85.073162955,43.136,7/1/2022 12:00:00 AM,1207,2,2,0,1,CLEAR,DRY,False,OTHER INTERSECTION COLLISIONS,REAR END,STRAIGHT & LEVEL,DAYLIGHT,,,7/5/2022 9:33:16 AM,False,15,Accepted,
30254018,0760200,RICHMOND POLICE DEPARTMENT,Accepted,MADISON,US0025,,ROBERT R MARTIN,BYP,,,,US0025,US25,,OLD WILDERNESS,37.772974848,-84.293766711,19.029,7/1/2022 12:00:00 AM,0749,2,2,0,0,CLOUDY,DRY,False,REAR END IN TRAFFIC LANES BOTH VEHICLES MOVING,REAR END,STRAIGHT & LEVEL,DAYLIGHT,,,7/2/2022 10:58:16 AM,False,9374,Accepted,
30260763,0340200,LEXINGTON POLICE DEPARTMENT,Accepted,FAYETTE,,,ALEXANDRIA,DR,,,,,TRAILWOOD,KY1681,OLD FRANKFORT,38.070373487,-84.557079488,0.950,6/30/2022 12:00:00 AM,1155,2,2,0,0,CLEAR,DRY,False,1 VEHICLE ENTERING/LEAVING ENTRANCE,ANGLE,CURVE & LEVEL,DAYLIGHT,,,7/4/2022 6:14:28 PM,False,56412,Accepted,
30487947,1040000,RUSSELL COUNTY SHERIFF DEPT.,Accepted,RUSSELL,LN9008,,LN9008 W,,,,,,,,,37.073153062,-84.977902453,67.970,6/30/2022 12:00:00 AM,1040,2,1,0,1,CLEAR,DRY,False,REAR END IN TRAFFIC LANES BOTH VEHICLES MOVING,REAR END,STRAIGHT & LEVEL,DAYLIGHT,,,8/28/2022 3:02:49 AM,False,1451,Accepted,
30279079,0470100,ELIZABETHTOWN POLICE DEPT.,Accepted,HARDIN,US0031W,,DIXIE,AVE,N,,,,FAIRVIEW,,FREEMAN LAKE PARK,37.716475950,-85.878120854,18.610,6/29/2022 12:00:00 AM,1106,2,2,0,0,CLEAR,DRY,False,SIDESWIPE COLLISION - SAME DIRECTION,SIDESWIPE-SAME DIRECTION,STRAIGHT & LEVEL,DAYLIGHT,,,7/8/2022 3:22:53 PM,False,0129,Accepted,
30237994,1140100,BOWLING GREEN POLICE,Accepted,WARREN,US0068X,,RUSSELLVILLE,RD,,,EMMETT,,,,,36.971696203,-86.476772029,0.299,6/28/2022 12:00:00 AM,1038,2,1,0,1,CLEAR,DRY,False,ANGLE COLLISION - OTHER,ANGLE,STRAIGHT & LEVEL,DAYLIGHT,,,6/28/2022 3:26:21 PM,False,212,Accepted,
30375903,0470100,ELIZABETHTOWN POLICE DEPT.,Accepted,HARDIN,US0031W,,DIXIE,AVE,N,,,,DIECKS,,MEMORIAL,37.710310407,-85.875006803,18.149,6/27/2022 12:00:00 AM,0931,2,1,0,1,CLEAR,DRY,False,1 VEHICLE ENTERING/LEAVING ENTRANCE,ANGLE,STRAIGHT & LEVEL,DAYLIGHT,,,8/2/2022 3:02:25 AM,False,0104,Accepted,
30872584,0150200,LEBANON JUNCTION POLICE DEPT.,Accepted,BULLITT,I 0065,,I65 N,,,,,,,,,37.823021402,-85.727280971,104.238,6/27/2022 12:00:00 AM,2218,2,2,0,2,CLEAR,DRY,False,SIDESWIPE COLLISION - SAME DIRECTION,SIDESWIPE-SAME DIRECTION,CURVE & LEVEL,DARK-HWY LIGHTED/OFF,,,11/29/2022 2:32:43 PM,False,607,Accepted,
30250170,0568000,LOUISVILLE METRO POLICE DEPT,Accepted,JEFFERSON,I 0064,,I64 E,,,,,,,,,38.278534647,-85.822000792,0.168,6/26/2022 12:00:00 AM,1728,3,3,0,0,CLEAR,DRY,False,REAR END IN TRAFFIC LANES BOTH VEHICLES MOVING,REAR END,STRAIGHT & LEVEL,DAYLIGHT,,,7/1/2022 7:15:34 AM,False,7363,Accepted,