IncidentID,AgencyORI,AgencyName,IncidentStatusDesc,County,RdwyNumber,Street,RoadwayName,StreetSfx,StreetDir,IntersectionRdwy,IntersectionRdwyName,BetweenStRdwy1,BetweenStRdwyName1,BetweenStRdwy2,BetweenStRdwyName2,Latitude,Longitude,Milepoint,CollisionDate,CollisionTime,UnitsInvolved,MotorVehiclesInvolved,NumberKilled,NumberInjured,Weather,RdwyConditionCode,HitandRun,DirAnalysisCode,MannerofCollision,RdwyCharacter,LightCondition,RampFromRdwyId,RampToRdwyId,AcceptedDate,IsSecondaryCollision,OwnerBadge,IncidentStatus,
30229861,0150000,BULLITT COUNTY SHERIFF DEPT.,Accepted,BULLITT,I 0065,,I65 N,,,,,,,,,37.824519262,-85.724752778,104.411,6/26/2022 12:00:00 AM,1430,2,2,0,0,CLEAR,DRY,False,REAR END IN TRAFFIC LANES BOTH VEHICLES MOVING,REAR END,STRAIGHT & LEVEL,DAYLIGHT,,,6/26/2022 8:30:46 PM,False,1055,Accepted,
30236354,KSP1100,KY STATE POLICE POST 11,Accepted,ROCKCASTLE,I 0075,53,I75 N,,,,,,,,,37.242208856,-84.241473087,50.942,6/26/2022 12:00:00 AM,1337,2,2,0,0,CLEAR,DRY,False,SIDESWIPE COLLISION - SAME DIRECTION,SIDESWIPE-SAME DIRECTION,STRAIGHT & LEVEL,DAYLIGHT,,,6/28/2022 8:58:41 AM,False,432,Accepted,
30232689,1140000,WARREN COUNTY SHERIFF DEPT.,Accepted,WARREN,,,LARMON MILL,RD,,KY0622,PLANO,,,,,36.880226233,-86.418545274,0.006,6/25/2022 12:00:00 AM,1054,2,2,0,0,CLEAR,DRY,False,VEHICLE BACKING IN INTERSECTION,BACKING,STRAIGHT & GRADE,DAYLIGHT,,,6/27/2022 11:35:00 AM,False,416,Accepted,
30225926,1000100,SOMERSET POLICE DEPARTMENT,Accepted,PULASKI,KY0461,,KY461,,,,BABE,,,,,37.169830344,-84.490729386,0.802,6/24/2022 12:00:00 AM,0918,2,2,0,0,CLEAR,DRY,False,ANGLE COLLISION - OTHER,ANGLE,STRAIGHT & LEVEL,DAYLIGHT,,,6/25/2022 6:45:23 AM,False,83,Accepted,
30227364,0080000,BOONE COUNTY SHERIFF DEPT.,Accepted,BOONE,I 0075,,I75 N,,,,,,,,,38.912702657,-84.628354402,175.093,6/24/2022 12:00:00 AM,1735,2,2,0,0,CLEAR,DRY,False,REAR END IN TRAFFIC LANES BOTH VEHICLES MOVING,REAR END,STRAIGHT & LEVEL,DAYLIGHT,,,6/25/2022 8:58:38 PM,False,3746,Accepted,
30232204,0150100,SHEPHERDSVILLE POLICE DEPT.,Accepted,BULLITT,I 0065,,I65 S,,,,,,,,,37.952777849,-85.689480657,113.708,6/24/2022 12:00:00 AM,1925,2,2,0,0,CLEAR,DRY,False,REAR END IN TRAFFIC LANES BOTH VEHICLES MOVING,REAR END,STRAIGHT & LEVEL,DAYLIGHT,,,6/27/2022 9:47:47 AM,False,106,Accepted,
30247578,0780100,LEBANON POLICE DEPARTMENT,Accepted,MARION,US0068,,MAIN,ST,W,KY0049,PROCTOR KNOTT,,,,,37.569273975,-85.254387155,11.195,6/24/2022 12:00:00 AM,2252,1,1,0,1,CLEAR,DRY,False,OTHER INTERSECTION COLLISIONS,SINGLE VEHICLE,STRAIGHT & GRADE,DARK-HWY LIGHTED/ON,,,6/30/2022 4:27:53 PM,False,12,Accepted,
30291698,0568000,LOUISVILLE METRO POLICE DEPT,Accepted,JEFFERSON,I 0064,,,,,,,,,,,38.226441776,-85.505449141,0.029,6/24/2022 12:00:00 AM,2140,1,1,1,0,CLEAR,DRY,False,OVERTURNED ON RAMP,SINGLE VEHICLE,CURVE & GRADE,DARK-HWY NOT LIGHTED,I 0265,I 0064,7/12/2022 8:05:13 AM,False,7751,Accepted,
30236101,0340200,LEXINGTON POLICE DEPARTMENT,Accepted,FAYETTE,I 0075,,I75 S,,,,,,,,,38.051998284,-84.428722759,110.676,6/23/2022 12:00:00 AM,2050,2,2,0,0,CLEAR,DRY,False,SIDESWIPE COLLISION - SAME DIRECTION,SIDESWIPE-SAME DIRECTION,CURVE & LEVEL,DUSK,,,6/28/2022 7:58:55 AM,False,56412,Accepted,
30238371,KSP0100,KY STATE POLICE POST 01,Accepted,GRAVES,KY0348,,KY348,,E,,,,,,,36.917933355,-88.514408832,3.230,6/23/2022 12:00:00 AM,1554,2,2,0,0,CLEAR,DRY,False,REAR END IN TRAFFIC LANES BOTH VEHICLES MOVING,REAR END,STRAIGHT & LEVEL,DAYLIGHT,,,6/28/2022 5:27:25 PM,False,364,Accepted,
30240858,1000000,PULASKI COUNTY SHERIFF DEPT.,Accepted,PULASKI,LN9008,,LN9008 W,,,,,,,,,37.096658044,-84.829150201,76.702,6/23/2022 12:00:00 AM,1007,2,2,0,0,CLEAR,DRY,False,1 VEHICLE ENTERING/LEAVING ENTRANCE,ANGLE,STRAIGHT & LEVEL,DAYLIGHT,,,6/29/2022 8:42:35 AM,False,1143,Accepted,
30223616,0340200,LEXINGTON POLICE DEPARTMENT,Accepted,FAYETTE,KY0004,,NEW CIRCLE,RD,W,,,KY0004,KY4 EXIT7 RAMP TO US421,KY0004,KY4 EXIT7 RAMP FROM US421,38.070137434,-84.531591442,7.192,6/23/2022 12:00:00 AM,1228,2,2,0,0,CLEAR,DRY,False,1 VEHICLE ENTERING/LEAVING ENTRANCE,ANGLE,STRAIGHT & LEVEL,DAYLIGHT,,,6/24/2022 3:32:43 PM,False,56481,Accepted,
30701568,0270100,ALBANY POLICE DEPARTMENT,Accepted,CLINTON,KY1590,,KY1590,,,,,,,,,36.699388654,-85.152027769,0.955,6/22/2022 12:00:00 AM,0753,3,1,0,0,CLEAR,DRY,False,REAR END IN TRAFFIC LANES BOTH VEHICLES MOVING,REAR END,STRAIGHT & HILLCREST,DAYLIGHT,,,10/18/2022 3:02:29 AM,False,260,Accepted,
31329313,0270100,ALBANY POLICE DEPARTMENT,Accepted,CLINTON,KY1590,,KY1590,,,,,,,,,36.696669674,-85.138109227,0.143,6/22/2022 12:00:00 AM,1140,2,2,0,0,CLEAR,DRY,False,REAR END IN TRAFFIC LANES BOTH VEHICLES MOVING,REAR END,STRAIGHT & LEVEL,DAYLIGHT,,,3/7/2023 8:58:39 PM,False,263,Accepted,
30217588,0568000,LOUISVILLE METRO POLICE DEPT,Accepted,JEFFERSON,,,CHESTNUT,ST,W,,,,16TH,,17TH,38.251316611,-85.778923344,1.208,6/22/2022 12:00:00 AM,1509,2,2,0,0,CLEAR,DRY,False,1 VEHICLE PARKED POSITION (NOT PARKING LOT/DRIVEWAY),SIDESWIPE-SAME DIRECTION,STRAIGHT & LEVEL,DAYLIGHT,,,6/23/2022 8:05:41 AM,False,7805,Accepted,
30212935,KSP1500,KY STATE POLICE POST 15,Accepted,METCALFE,LN9008,,LN9008 W,,,,,,,,,37.027060879,-85.544598968,34.228,6/21/2022 12:00:00 AM,1023,2,2,0,0,CLEAR,DRY,False,REAR END IN TRAFFIC LANES BOTH VEHICLES MOVING,REAR END,STRAIGHT & GRADE,DAYLIGHT,,,6/22/2022 8:39:10 AM,False,401,Accepted,
30279038,0470100,ELIZABETHTOWN POLICE DEPT.,Accepted,HARDIN,US0031W,,DIXIE,AVE,N,,,,FAIRVIEW,,FREEMAN LAKE PARK,37.716736264,-85.878274326,18.630,6/21/2022 12:00:00 AM,1514,2,2,0,0,CLEAR,DRY,False,1 VEHICLE ENTERING/LEAVING ENTRANCE,ANGLE,STRAIGHT & LEVEL,DAYLIGHT,,,7/8/2022 3:20:28 PM,False,0129,Accepted,
30220767,0080000,BOONE COUNTY SHERIFF DEPT.,Accepted,BOONE,I 0075,,I75 N,,,,,,,,,38.919592167,-84.629271999,175.532,6/21/2022 12:00:00 AM,2247,2,2,0,0,CLEAR,DRY,False,SIDESWIPE COLLISION - SAME DIRECTION,SIDESWIPE-SAME DIRECTION,STRAIGHT & LEVEL,DARK-HWY LIGHTED/ON,,,6/23/2022 11:13:07 PM,False,3764,Accepted,
30210998,0080000,BOONE COUNTY SHERIFF DEPT.,Accepted,BOONE,I 0075,,,,,,,,,,,38.956296925,-84.632967202,0.015,6/20/2022 12:00:00 AM,0730,2,2,0,0,CLEAR,DRY,False,OTHER RAMP RELATED COLLISIONS NOT LISTED ABOVE,REAR END,CURVE & LEVEL,DAYLIGHT,MT ZION RD,I 0075,6/21/2022 8:25:14 PM,False,3202,Accepted,
30233496,0160000,BUTLER COUNTY SHERIFF DEPT.,Accepted,BUTLER,KY1328,,LEONARD OAK,RD,,,,,,,,37.245467988,-86.674292483,1.267,6/20/2022 12:00:00 AM,1522,3,3,0,0,CLEAR,DRY,False,1 VEHICLE PARKED POSITION (NOT PARKING LOT/DRIVEWAY),SIDESWIPE-OPPOSITE DIRECTION,CURVE & GRADE,DAYLIGHT,,,6/27/2022 3:12:35 PM,False,166,Accepted,
30224037,0730000,MCCRACKEN COUNTY SHERIFF DEPT.,Accepted,MCCRACKEN,I 0024,,I24 W,,,,,,,,,37.107583779,-88.691648616,2.235,6/20/2022 12:00:00 AM,1316,2,2,0,0,CLEAR,DRY,False,OTHER ROADWAY OR MID-BLOCK COLLISION,REAR END,STRAIGHT & LEVEL,DAYLIGHT,,,6/24/2022 5:21:34 PM,False,20,Accepted,
30243340,0030000,ANDERSON COUNTY SHERIFF DEPT.,Accepted,ANDERSON,BG9002,,BG9002 E,,,,,,,,,37.971803051,-84.876589325,58.668,6/20/2022 12:00:00 AM,0755,1,1,0,1,CLEAR,DRY,False,OTHER ROADWAY OR MID-BLOCK COLLISION,SINGLE VEHICLE,STRAIGHT & LEVEL,DAYLIGHT,,,6/29/2022 7:01:11 PM,False,231,Accepted,
30212822,KSP0400,KY STATE POLICE POST 04,Accepted,BULLITT,I 0065,,I65 N,,,,,,,,,37.814074014,-85.738000904,103.384,6/20/2022 12:00:00 AM,1606,1,1,0,1,CLEAR,DRY,False,OTHER ROADWAY OR MID-BLOCK COLLISION,SINGLE VEHICLE,STRAIGHT & LEVEL,DAYLIGHT,,,6/22/2022 8:11:41 AM,False,782,Accepted,
30223754,0470100,ELIZABETHTOWN POLICE DEPT.,Accepted,HARDIN,US0031W,,DIXIE,AVE,N,,,KY1357,ST JOHN,,HELMWOOD,37.705165403,-85.871955575,17.739,6/19/2022 12:00:00 AM,1755,2,2,0,0,CLEAR,DRY,False,SIDESWIPE COLLISION - SAME DIRECTION,SIDESWIPE-SAME DIRECTION,STRAIGHT & LEVEL,DAYLIGHT,,,6/24/2022 3:59:33 PM,False,0154,Accepted,
30443123,1060100,SHELBYVILLE POLICE DEPARTMENT,Accepted,SHELBY,KY0053,1620,MOUNT EDEN,RD,,,,,,,,38.188692601,-85.211795155,6.388,6/19/2022 12:00:00 AM,1725,2,2,0,0,CLEAR,DRY,False,OTHER ROADWAY OR MID-BLOCK COLLISION,REAR END,STRAIGHT & LEVEL,DAYLIGHT,,,8/17/2022 2:34:53 PM,False,130,Accepted,
30209450,0150100,SHEPHERDSVILLE POLICE DEPT.,Accepted,BULLITT,I 0065,,I65 S,,,,,I 0065,I65 S EXIT116 ON RAMP FROM KY480,I 0065,I65 S REST AREA113 OFF RAMP,37.954575417,-85.690225678,113.838,6/18/2022 12:00:00 AM,1230,2,2,0,0,CLEAR,DRY,True,OTHER ROADWAY OR MID-BLOCK COLLISION,REAR END,CURVE & LEVEL,DAYLIGHT,,,6/21/2022 2:54:31 PM,False,076,Accepted,
30203680,0080000,BOONE COUNTY SHERIFF DEPT.,Accepted,BOONE,I 0075,,I75 N,,,,,,,,,38.914274875,-84.628526392,175.202,6/18/2022 12:00:00 AM,1240,3,3,0,0,CLEAR,DRY,False,REAR END IN TRAFFIC LANES BOTH VEHICLES MOVING,REAR END,STRAIGHT & LEVEL,DAYLIGHT,,,6/20/2022 8:24:58 AM,False,3707,Accepted,
30245275,0150200,LEBANON JUNCTION POLICE DEPT.,Accepted,BULLITT,I 0065,,I65 S,,,,,,,,,37.829190734,-85.720100321,104.801,6/17/2022 12:00:00 AM,1400,3,3,0,0,CLEAR,DRY,False,REAR END IN TRAFFIC LANES BOTH VEHICLES MOVING,REAR END,STRAIGHT & LEVEL,DAYLIGHT,,,6/30/2022 7:24:52 AM,False,607,Accepted,
30203837,1060000,SHELBY COUNTY SHERIFF DEPT.,Accepted,SHELBY,KY0053,,MT EDEN,RD,,,,,,,,38.200179912,-85.207523966,7.187,6/17/2022 12:00:00 AM,1126,2,2,0,0,CLOUDY,WET,False,REAR END IN TRAFFIC LANES BOTH VEHICLES MOVING,REAR END,STRAIGHT & GRADE,DAYLIGHT,,,6/20/2022 9:03:48 AM,False,36,Accepted,
30203652,0150100,SHEPHERDSVILLE POLICE DEPT.,Accepted,BULLITT,I 0065,,I65 S,,,,,I 0065,I65 S EXIT116 ON RAMP FROM KY480,I 0065,I65 S REST AREA113 OFF RAMP,37.973437018,-85.696178907,115.190,6/17/2022 12:00:00 AM,1554,2,2,0,0,CLEAR,DRY,True,SIDESWIPE COLLISION - SAME DIRECTION,SIDESWIPE-SAME DIRECTION,STRAIGHT & LEVEL,DAYLIGHT,,,6/20/2022 8:10:07 AM,False,026,Accepted,
30193604,0410000,GRANT COUNTY SHERIFF DEPT.,Accepted,GRANT,I 0075,,I75 N,,,,,,,,,38.475674764,-84.579527503,143.355,6/16/2022 12:00:00 AM,1211,2,2,0,0,CLEAR,DRY,False,SIDESWIPE COLLISION - SAME DIRECTION,SIDESWIPE-SAME DIRECTION,STRAIGHT & LEVEL,DAYLIGHT,,,6/17/2022 1:31:36 AM,False,927,Accepted,
30192938,0240100,HOPKINSVILLE POLICE DEPARTMENT,Accepted,CHRISTIAN,US0041,721,MAIN,ST,N,,,,,,,36.879081392,-87.482396024,13.478,6/16/2022 12:00:00 AM,1030,2,2,0,1,CLEAR,DRY,False,REAR END IN TRAFFIC LANES BOTH VEHICLES MOVING,REAR END,STRAIGHT & LEVEL,DAYLIGHT,,,6/16/2022 9:06:02 PM,False,473,Accepted,
30238496,0340200,LEXINGTON POLICE DEPARTMENT,Accepted,FAYETTE,I 0075,,I75 SB,,,,,I 0075,I75 SB EXIT113 ON RAMP FROM US27,I 0064,I75 SB EXIT111 RAMP TO I64 EB,38.077117060,-84.457060217,113.005,6/16/2022 12:00:00 AM,2315,2,2,0,0,CLEAR,DRY,True,OTHER ROADWAY OR MID-BLOCK COLLISION,REAR END,STRAIGHT & GRADE,DARK-HWY LIGHTED/ON,,,6/28/2022 5:50:07 PM,False,49744,Accepted,
30201800,0470000,HARDIN COUNTY SHERIFF DEPT.,Accepted,HARDIN,I 0065,,,,,,,,,,,37.807128736,-85.745542910,0.085,6/16/2022 12:00:00 AM,0059,1,1,0,0,CLEAR,DRY,False,COLLISION WITH FIXED OBJECT NOT IN GORE ,SINGLE VEHICLE,STRAIGHT & LEVEL,DARK-HWY LIGHTED/ON,I 0065,KY0313,6/19/2022 7:10:56 PM,False,974,Accepted,
30204188,0568000,LOUISVILLE METRO POLICE DEPT,Accepted,JEFFERSON,US0031E,,BARDSTOWN,RD,,,SCHLATTER,,,,,38.106018222,-85.566345890,2.296,6/15/2022 12:00:00 AM,0001,1,1,0,0,CLEAR,DRY,True,OTHER INTERSECTION COLLISIONS,SINGLE VEHICLE,STRAIGHT & LEVEL,DARK-HWY NOT LIGHTED,,,6/20/2022 10:20:34 AM,False,5169,Accepted,
30190373,0080000,BOONE COUNTY SHERIFF DEPT.,Accepted,BOONE,I 0075,,I75 N,,,,,,,,,38.895172608,-84.626732938,173.881,6/15/2022 12:00:00 AM,0945,2,2,0,0,CLEAR,DRY,False,REAR END IN TRAFFIC LANES BOTH VEHICLES MOVING,REAR END,STRAIGHT & LEVEL,DAYLIGHT,,,6/16/2022 8:55:18 AM,False,3744,Accepted,
30195539,0080000,BOONE COUNTY SHERIFF DEPT.,Accepted,BOONE,I 0071,,I71 N,,,,,,,,,38.814087744,-84.708134188,70.389,6/15/2022 12:00:00 AM,1428,2,2,0,0,CLEAR,DRY,False,REAR END IN TRAFFIC LANES BOTH VEHICLES MOVING,REAR END,CURVE & GRADE,DAYLIGHT,,,6/17/2022 1:49:13 PM,False,3761,Accepted,
30447358,0750000,MCLEAN COUNTY SHERIFF DEPT.,Accepted,MCLEAN,KY0081,,KY81,,,,,,MCELWAIN,,POND DRAIN,37.490713049,-87.245006163,8.374,6/15/2022 12:00:00 AM,1200,1,1,0,1,CLEAR,DRY,False,COLLISION WITH FIXED OBJECT NON - INTERSECTION - FIRST EVENT COLLISION 09 - 32 EXCLUDING 16,SINGLE VEHICLE,CURVE & LEVEL,DAYLIGHT,,,8/18/2022 10:56:21 AM,False,279,Accepted,
30187069,0080000,BOONE COUNTY SHERIFF DEPT.,Accepted,BOONE,I 0075,,I75 N,,,,,,,,,38.934604785,-84.631316911,176.554,6/14/2022 12:00:00 AM,1143,1,1,0,0,CLEAR,DRY,False,COLLISION WITH FIXED OBJECT NON - INTERSECTION - FIRST EVENT COLLISION 09 - 32 EXCLUDING 16,SINGLE VEHICLE,STRAIGHT & LEVEL,DAYLIGHT,,,6/15/2022 2:59:55 PM,False,3774,Accepted,
30186673,0050100,GLASGOW POLICE DEPARTMENT,Accepted,BARREN,US0031E,,L ROGERS WELLS,BLVD,S,,,,CAVALRY,US0031EX,GREEN,36.984625637,-85.931676399,12.969,6/14/2022 12:00:00 AM,1556,2,2,0,0,CLEAR,DRY,False,SIDESWIPE COLLISION - SAME DIRECTION,SIDESWIPE-SAME DIRECTION,STRAIGHT & LEVEL,DAYLIGHT,,,6/15/2022 1:09:58 PM,False,2277,Accepted,
30191294,0240000,CHRISTIAN COUNTY SHERIFF OFFICE,Accepted,CHRISTIAN,I 0024,91MM,I24 W,,,,,,,,,36.670505170,-87.386968887,90.028,6/14/2022 12:00:00 AM,1631,2,2,0,0,CLEAR,DRY,False,OTHER ROADWAY OR MID-BLOCK COLLISION,REAR END,STRAIGHT & LEVEL,DAYLIGHT,,,6/16/2022 1:47:34 PM,False,628,Accepted,
30185641,0080000,BOONE COUNTY SHERIFF DEPT.,Accepted,BOONE,KY0020,,PETERSBURG,RD,,,FISTER PLACE,,,,,39.068142874,-84.724676587,15.443,6/14/2022 12:00:00 AM,1154,2,2,0,0,CLEAR,DRY,False,ANGLE COLLISION - OTHER,ANGLE,STRAIGHT & LEVEL,DAYLIGHT,,,6/15/2022 8:52:09 AM,False,3721,Accepted,
30183143,0340200,LEXINGTON POLICE DEPARTMENT,Accepted,FAYETTE,,1732,WYATT,PKWY,,,,,,,,38.036559001,-84.459315194,0.301,6/14/2022 12:00:00 AM,1423,2,2,0,0,CLEAR,DRY,False,1 VEHICLE PARKED POSITION (NOT PARKING LOT/DRIVEWAY),BACKING,STRAIGHT & LEVEL,DAYLIGHT,,,6/14/2022 5:06:53 PM,False,39970,Accepted,
30195611,0280100,MARION POLICE DEPARTMENT,Accepted,CRITTENDEN,,,PIPPI HARDEN,BLVD,,,,,,,,37.350590529,-88.067297697,0.369,6/13/2022 12:00:00 AM,1252,2,2,0,0,BLOWING SAND/SOIL/DIRT/SNOW,OTHER,False,COLLISION IN PARKING LOT,BACKING,STRAIGHT & LEVEL,DAYLIGHT,,,6/17/2022 2:12:28 PM,False,102,Accepted,
30179445,0930100,LAGRANGE POLICE DEPARTMENT,Accepted,OLDHAM,KY0053,,1ST,AVE,S,,,,,,,38.401155406,-85.375522630,6.492,6/13/2022 12:00:00 AM,1515,2,2,0,0,CLEAR,DRY,False,SIDESWIPE COLLISION - SAME DIRECTION,SIDESWIPE-SAME DIRECTION,STRAIGHT & LEVEL,DAYLIGHT,,,6/13/2022 10:37:19 PM,False,2057,Accepted,
30180808,0730100,PADUCAH POLICE DEPARTMENT,Accepted,MCCRACKEN,US0045X,,US45 BUS,,,,HARRISON,,,,,37.090818333,-88.600799247,2.416,6/13/2022 12:00:00 AM,1408,1,1,0,1,CLEAR,DRY,False,OTHER INTERSECTION COLLISIONS,SINGLE VEHICLE,CURVE & LEVEL,DAYLIGHT,,,6/14/2022 8:05:00 AM,False,242,Accepted,
30179496,0080000,BOONE COUNTY SHERIFF DEPT.,Accepted,BOONE,I 0075,,I75 N,,,,,,,,,38.899702409,-84.626970165,174.193,6/13/2022 12:00:00 AM,0112,2,2,0,0,CLEAR,DRY,True,VEHICLE BACKING NON INTERSECTION,BACKING,STRAIGHT & GRADE,DARK-HWY LIGHTED/ON,,,6/13/2022 10:50:56 PM,False,3723,Accepted,
30199082,KSP0100,KY STATE POLICE POST 01,Accepted,LYON,I 0024,,I24 W,,,,,,,,,36.995015573,-87.948461327,51.133,6/12/2022 12:00:00 AM,1515,2,2,0,0,CLEAR,DRY,False,SIDESWIPE COLLISION - SAME DIRECTION,SIDESWIPE-SAME DIRECTION,STRAIGHT & LEVEL,DAYLIGHT,,,6/18/2022 6:38:21 PM,False,991,Accepted,
30182629,0150000,BULLITT COUNTY SHERIFF DEPT.,Accepted,BULLITT,I 0065,121MM,I65 SB,,,,,,,,,38.055261715,-85.698847398,121.056,6/12/2022 12:00:00 AM,1319,2,2,0,0,CLEAR,DRY,True,SIDESWIPE COLLISION - SAME DIRECTION,SIDESWIPE-SAME DIRECTION,STRAIGHT & LEVEL,DAYLIGHT,,,6/14/2022 3:20:44 PM,False,1226,Accepted,
30176501,0080000,BOONE COUNTY SHERIFF DEPT.,Accepted,BOONE,I 0075,,I75 SB,,,,,,,,,38.917440145,-84.629213933,175.361,6/12/2022 12:00:00 AM,1251,2,2,0,0,CLOUDY,DRY,False,SIDESWIPE COLLISION - SAME DIRECTION,SIDESWIPE-SAME DIRECTION,STRAIGHT & LEVEL,DAYLIGHT,,,6/13/2022 8:33:43 AM,False,3750,Accepted,
30176686,KSP0400,KY STATE POLICE POST 04,Accepted,HARDIN,I 0065,,I65 N,,,,,,,,,37.812651990,-85.739427623,103.258,6/12/2022 12:00:00 AM,1436,2,2,0,0,CLEAR,DRY,False,REAR END IN TRAFFIC LANES BOTH VEHICLES MOVING,REAR END,STRAIGHT & LEVEL,DAYLIGHT,,,6/13/2022 8:59:15 AM,False,511,Accepted,
30173458,0080000,BOONE COUNTY SHERIFF DEPT.,Accepted,BOONE,,1077,STURGEON,RD,,,,,,,,38.875003315,-84.657058268,0.064,6/11/2022 12:00:00 AM,0658,2,2,0,0,CLOUDY,DRY,False,VEHICLE BACKING NON INTERSECTION,BACKING,CURVE & LEVEL,DAYLIGHT,,,6/12/2022 8:04:50 AM,False,3743,Accepted,
30171177,0150000,BULLITT COUNTY SHERIFF DEPT.,Accepted,BULLITT,I 0065,122,I65 S,,,,,,,,,38.085165716,-85.701181489,123.101,6/11/2022 12:00:00 AM,0630,2,2,0,0,CLEAR,DRY,True,REAR END IN TRAFFIC LANES BOTH VEHICLES MOVING,REAR END,STRAIGHT & LEVEL,DAYLIGHT,,,6/11/2022 3:07:04 PM,False,1007,Accepted,
30181277,0470000,HARDIN COUNTY SHERIFF DEPT.,Accepted,HARDIN,I 0065,,I65 N,,,,,,,,,37.797765380,-85.751771533,101.983,6/10/2022 12:00:00 AM,1504,2,2,0,1,CLEAR,DRY,False,REAR END IN TRAFFIC LANES BOTH VEHICLES MOVING,REAR END,STRAIGHT & GRADE,DAYLIGHT,,,6/14/2022 10:11:03 AM,False,965,Accepted,
30199270,0080000,BOONE COUNTY SHERIFF DEPT.,Accepted,BOONE,KY1292,1077,BEAVER,RD,,,,,,,,38.875609126,-84.656453121,2.384,6/10/2022 12:00:00 AM,1725,1,1,0,0,CLEAR,DRY,False,RAN OFF ROADWAY (1 VEHICLE WITH/EARTH EMBANKMENT/DITCH),SINGLE VEHICLE,STRAIGHT & LEVEL,DAYLIGHT,,,6/18/2022 8:18:45 PM,False,3711,Accepted,
30167283,KSP0400,KY STATE POLICE POST 04,Accepted,BULLITT,I 0065,,I65 N,,,,,,,,,37.823096994,-85.727196557,104.245,6/9/2022 12:00:00 AM,1650,1,1,0,0,CLEAR,DRY,False,OTHER COLLISIONS ON SHOULDER,SINGLE VEHICLE,STRAIGHT & LEVEL,DAYLIGHT,,,6/10/2022 9:08:21 AM,False,571,Accepted,
30171361,KSP0300,KY STATE POLICE POST 03,Accepted,WARREN,I 0065,,I65 N,,,,,,,,,36.881491201,-86.444378424,18.424,6/9/2022 12:00:00 AM,1901,1,1,0,0,CLEAR,DRY,False,OTHER ROADWAY OR MID-BLOCK COLLISION,SINGLE VEHICLE,STRAIGHT & LEVEL,DAYLIGHT,,,6/11/2022 4:16:04 PM,False,295,Accepted,
30167282,KSP0400,KY STATE POLICE POST 04,Accepted,HARDIN,I 0065,,I65 S,,,,,,,,,37.806584860,-85.745736990,102.715,6/9/2022 12:00:00 AM,1020,2,2,0,0,CLEAR,DRY,False,SIDESWIPE COLLISION - SAME DIRECTION,SIDESWIPE-SAME DIRECTION,STRAIGHT & LEVEL,DAYLIGHT,,,6/10/2022 9:08:14 AM,False,905,Accepted,
30164386,0540100,MADISONVILLE POLICE DEPT.,Accepted,HOPKINS,,,PARK,AVE,,,PRICE,,,,,37.326615302,-87.486110464,0.068,6/9/2022 12:00:00 AM,1351,2,2,0,0,CLEAR,DRY,False,OTHER INTERSECTION COLLISIONS,REAR END,STRAIGHT & GRADE,DAYLIGHT,,,6/9/2022 4:21:40 PM,False,66,Accepted,
30167120,0080000,BOONE COUNTY SHERIFF DEPT.,Accepted,BOONE,I 0075,,I75 NB,,,KY0338,RICHWOOD,,,,,38.917500565,-84.628943489,175.403,6/9/2022 12:00:00 AM,1503,3,3,0,0,CLEAR,DRY,False,OTHER INTERSECTION COLLISIONS,REAR END,STRAIGHT & LEVEL,DAYLIGHT,,,6/10/2022 8:51:41 AM,False,3776,Accepted,
30171561,1060100,SHELBYVILLE POLICE DEPARTMENT,Accepted,SHELBY,KY0053,,MOUNT EDEN,RD,,US0060,FRANKFORT,,,,,38.210224876,-85.203690210,7.979,6/9/2022 12:00:00 AM,1355,2,2,0,1,CLEAR,DRY,False,COLLISION WITH PARKED VEHICLE,ANGLE,STRAIGHT & LEVEL,DAYLIGHT,,,6/11/2022 5:09:10 PM,False,212,Accepted,
30176685,KSP0400,KY STATE POLICE POST 04,Accepted,HARDIN,I 0065,,I65 S,,,,,,,,,37.808788547,-85.743625692,102.906,6/9/2022 12:00:00 AM,0043,3,3,0,0,CLEAR,DRY,False,REAR END IN TRAFFIC LANES BOTH VEHICLES MOVING,REAR END,STRAIGHT & LEVEL,DARK-HWY NOT LIGHTED,,,6/13/2022 8:59:09 AM,False,1190,Accepted,
30163253,0080000,BOONE COUNTY SHERIFF DEPT.,Accepted,BOONE,I 0075,,I75 S,,,,,,,,,38.910713112,-84.628484213,174.900,6/8/2022 12:00:00 AM,1950,2,2,0,0,RAINING,FLOODED,False,1 VEHICLE ENTERING/LEAVING ENTRANCE,ANGLE,STRAIGHT & LEVEL,DAYLIGHT,,,6/9/2022 12:11:02 PM,False,3205,Accepted,