IncidentID,AgencyORI,AgencyName,IncidentStatusDesc,County,RdwyNumber,Street,RoadwayName,StreetSfx,StreetDir,IntersectionRdwy,IntersectionRdwyName,BetweenStRdwy1,BetweenStRdwyName1,BetweenStRdwy2,BetweenStRdwyName2,Latitude,Longitude,Milepoint,CollisionDate,CollisionTime,UnitsInvolved,MotorVehiclesInvolved,NumberKilled,NumberInjured,Weather,RdwyConditionCode,HitandRun,DirAnalysisCode,MannerofCollision,RdwyCharacter,LightCondition,RampFromRdwyId,RampToRdwyId,AcceptedDate,IsSecondaryCollision,OwnerBadge,IncidentStatus,
30162446,0930400,OLDHAM COUNTY POLICE DEPT.,Accepted,OLDHAM,I 0071,,I71 N,,,,,I 0071,I71 N REST AREA13 ON RAMP,I 0071,I71 N EXIT14 OFF RAMP TO KY329,38.339175938,-85.512109138,13.237,6/8/2022 12:00:00 AM,1539,2,2,0,0,CLEAR,DRY,False,REAR END IN TRAFFIC LANES BOTH VEHICLES MOVING,REAR END,STRAIGHT & LEVEL,DAYLIGHT,,,6/9/2022 7:22:08 AM,False,3071,Accepted,
30154381,0080000,BOONE COUNTY SHERIFF DEPT.,Accepted,BOONE,KY0338,,RICHWOOD,RD,,,FROGTOWN CONN,,,,,38.916440355,-84.632454659,0.475,6/6/2022 12:00:00 AM,2007,2,2,0,0,CLOUDY,WET,False,VEHICLE BACKING IN INTERSECTION,BACKING,STRAIGHT & HILLCREST,DAYLIGHT,,,6/7/2022 12:49:56 PM,False,3729,Accepted,
30153923,0080000,BOONE COUNTY SHERIFF DEPT.,Accepted,BOONE,KY1925,11461,BIG BONE,RD,,,,,,,,38.917722700,-84.720395378,2.832,6/6/2022 12:00:00 AM,1218,2,2,0,0,CLOUDY,WET,False,1 VEHICLE PARKED POSITION (NOT PARKING LOT/DRIVEWAY),SIDESWIPE-SAME DIRECTION,STRAIGHT & HILLCREST,DAYLIGHT,,,6/7/2022 10:14:09 AM,False,3720,Accepted,
30224222,1140000,WARREN COUNTY SHERIFF DEPT.,Accepted,WARREN,KY0884,8000,THREE SPRINGS,RD,,,,,,,,36.872952409,-86.508704984,2.479,6/6/2022 12:00:00 AM,1659,2,2,0,0,RAINING,WET,True,1 VEHICLE PARKED POSITION (NOT PARKING LOT/DRIVEWAY),SIDESWIPE-SAME DIRECTION,STRAIGHT & LEVEL,DAYLIGHT,,,6/24/2022 6:03:29 PM,False,435,Accepted,
30200173,0260000,CLAY COUNTY SHERIFF DEPT.,Accepted,CLAY,HR9006,,HR9006,,,,,,,,,37.143520599,-83.807732331,18.085,6/6/2022 12:00:00 AM,2019,1,1,0,1,RAINING,WET,False,OTHER COLLISIONS ON SHOULDER,SINGLE VEHICLE,CURVE & LEVEL,DAYLIGHT,,,6/19/2022 3:03:52 AM,False,1109,Accepted,
30196276,0150000,BULLITT COUNTY SHERIFF DEPT.,Accepted,BULLITT,I 0065,,I65 N,,,,,,,,,37.815211856,-85.736969343,103.480,6/5/2022 12:00:00 AM,1345,9,9,0,0,CLEAR,DRY,False,1 VEHICLE ENTERING/LEAVING ENTRANCE,ANGLE,STRAIGHT & LEVEL,DAYLIGHT,,,6/17/2022 5:29:40 PM,False,1033,Accepted,
30179550,0630000,LAUREL COUNTY SHERIFF DEPT.,Accepted,LAUREL,I 0075,48,I75 N,,,,,,,,,37.214992053,-84.199005582,47.923,6/5/2022 12:00:00 AM,1907,2,2,0,2,CLEAR,DRY,False,1 VEHICLE ENTERING/LEAVING ENTRANCE,ANGLE,STRAIGHT & LEVEL,DAYLIGHT,,,6/13/2022 11:22:12 PM,False,1136,Accepted,
30148831,0568000,LOUISVILLE METRO POLICE DEPT,Accepted,JEFFERSON,I 0064,,I64 E,,,,,,,,,38.278411388,-85.821883981,0.180,6/5/2022 12:00:00 AM,1652,2,2,0,0,CLEAR,DRY,False,REAR END IN TRAFFIC LANES BOTH VEHICLES MOVING,REAR END,STRAIGHT & LEVEL,DAYLIGHT,,,6/6/2022 8:50:52 AM,False,5355,Accepted,
30409668,0370200,KY STATE POLICE CVE,Accepted,BULLITT,I 0065,,I65 S,,,,,,,,,37.833658734,-85.717807778,105.136,6/5/2022 12:00:00 AM,1624,3,3,0,0,CLEAR,DRY,True,SIDESWIPE COLLISION - SAME DIRECTION,SIDESWIPE-SAME DIRECTION,CURVE & HILLCREST,DAYLIGHT,,,8/9/2022 11:10:29 PM,False,C-358,Accepted,
30148185,0570100,NICHOLASVILLE POLICE DEPT.,Accepted,JESSAMINE,US0027,,NICHOLASVILLE,BYP,,,,,KEENECENTRE,US0027,US27,37.895873122,-84.587550739,9.305,6/5/2022 12:00:00 AM,2130,3,3,0,0,CLEAR,DRY,False,REAR END IN TRAFFIC LANES BOTH VEHICLES MOVING,REAR END,STRAIGHT & LEVEL,DARK-HWY NOT LIGHTED,,,6/6/2022 5:12:29 AM,False,548,Accepted,
30150682,0470000,HARDIN COUNTY SHERIFF DEPT.,Accepted,HARDIN,I 0065,,,,,,,,,,,37.804191708,-85.747431486,0.018,6/5/2022 12:00:00 AM,1349,6,6,0,0,CLEAR,DRY,False,OTHER RAMP RELATED COLLISIONS NOT LISTED ABOVE,REAR END,STRAIGHT & LEVEL,DAYLIGHT,KY0313,I 0065,6/6/2022 4:16:31 PM,False,988,Accepted,
30622439,0610000,KNOX COUNTY SHERIFF DEPARTMENT,Accepted,KNOX,US0025E,,US25E,,S,,PANTHER,,,,,36.867681178,-83.836658129,7.449,6/3/2022 12:00:00 AM,1735,3,3,0,1,CLEAR,DRY,False,OTHER INTERSECTION COLLISIONS,REAR END,STRAIGHT & GRADE,DAYLIGHT,,,9/28/2022 2:49:12 PM,False,105,Accepted,
30142293,0340200,LEXINGTON POLICE DEPARTMENT,Accepted,FAYETTE,US0027,,BROADWAY,,S,,,US0025,VINE,US0060,HIGH,38.048046519,-84.501163580,6.404,6/3/2022 12:00:00 AM,2349,2,2,0,0,CLEAR,DRY,False,SIDESWIPE COLLISION - SAME DIRECTION,SIDESWIPE-SAME DIRECTION,STRAIGHT & HILLCREST,DARK-HWY LIGHTED/ON,,,6/4/2022 3:41:17 AM,False,58542,Accepted,
30188757,1060100,SHELBYVILLE POLICE DEPARTMENT,Accepted,SHELBY,US0060,,MAIN,ST,,,,,10TH,,9TH,38.211471507,-85.223812013,10.323,6/3/2022 12:00:00 AM,1654,2,2,0,0,CLEAR,DRY,False,REAR END IN TRAFFIC LANES BOTH VEHICLES MOVING,REAR END,STRAIGHT & LEVEL,DAYLIGHT,,,6/15/2022 10:43:26 PM,False,244,Accepted,
30141594,0080000,BOONE COUNTY SHERIFF DEPT.,Accepted,BOONE,KY0338,,RICHWOOD,RD,,,,I 0075,I75 S EXIT175 ON RAMP FROM  RICHWOOD DR,I 0075,I75 N EXIT175 ON RAMP FROM  RICHWOOD DR,38.917569844,-84.629533940,0.294,6/2/2022 12:00:00 AM,1728,3,3,0,0,CLOUDY,DRY,False,REAR END IN TRAFFIC LANES BOTH VEHICLES MOVING,REAR END,STRAIGHT & LEVEL,DAYLIGHT,,,6/3/2022 11:16:23 PM,False,3713,Accepted,
30321063,0150200,LEBANON JUNCTION POLICE DEPT.,Accepted,BULLITT,I 0065,,I65 S,,,,,,,,,37.846460619,-85.715413947,106.033,6/2/2022 12:00:00 AM,1600,2,2,0,0,CLOUDY,DRY,False,SIDESWIPE COLLISION - SAME DIRECTION,SIDESWIPE-SAME DIRECTION,STRAIGHT & LEVEL,DAYLIGHT,,,7/19/2022 3:38:05 PM,False,601,Accepted,
30136172,0370200,KY STATE POLICE CVE,Accepted,LAUREL,I 0075,,I75 N,,,,,,,,,37.151727249,-84.111993741,41.077,6/2/2022 12:00:00 AM,1402,2,2,0,0,CLEAR,DRY,True,SIDESWIPE COLLISION - SAME DIRECTION,SIDESWIPE-SAME DIRECTION,STRAIGHT & LEVEL,DAYLIGHT,,,6/2/2022 6:50:49 PM,False,C-362,Accepted,
30128923,0150200,LEBANON JUNCTION POLICE DEPT.,Accepted,BULLITT,I 0065,,I65 N,,,,,,,,,37.816363550,-85.735686276,103.586,6/1/2022 12:00:00 AM,0815,1,1,0,0,CLEAR,DRY,False,OTHER ROADWAY OR MID-BLOCK COLLISION,SINGLE VEHICLE,STRAIGHT & LEVEL,DAYLIGHT,,,6/1/2022 9:55:10 AM,False,601,Accepted,
30125991,0590300,ERLANGER POLICE DEPARTMENT,Accepted,KENTON,KY0236,,STEVENSON,RD,,,,,,,,39.004137092,-84.584312926,0.156,5/31/2022 12:00:00 AM,1421,2,2,0,0,CLEAR,DRY,False,SIDESWIPE COLLISION - OPPOSITE DIRECTION,SIDESWIPE-OPPOSITE DIRECTION,CURVE & GRADE,DAYLIGHT,,,5/31/2022 5:45:51 PM,False,182,Accepted,
30162623,KSP0600,KY STATE POLICE POST 06,Accepted,BOONE,I 0075,,I75 N,,,,,,,,,38.913978171,-84.628486404,175.181,5/31/2022 12:00:00 AM,2208,2,2,0,0,CLEAR,DRY,True,SIDESWIPE COLLISION - SAME DIRECTION,SIDESWIPE-SAME DIRECTION,STRAIGHT & LEVEL,DARK-HWY NOT LIGHTED,,,6/9/2022 8:25:14 AM,False,122,Accepted,
30120289,0150000,BULLITT COUNTY SHERIFF DEPT.,Accepted,BULLITT,I 0065,,I65 N,,,,,I 0065,I65 N EXIT105 OFF RAMP TO KY61,I 0065,I65 TURN AROUND104,37.824111219,-85.725440385,104.364,5/30/2022 12:00:00 AM,1139,3,3,0,0,CLEAR,DRY,False,REAR END IN TRAFFIC LANES BOTH VEHICLES MOVING,REAR END,STRAIGHT & LEVEL,DAYLIGHT,,,5/30/2022 5:36:30 PM,False,1113,Accepted,
30124877,0470000,HARDIN COUNTY SHERIFF DEPT.,Accepted,HARDIN,I 0065,,I65 N,,,,,,,,,37.793664951,-85.754557715,101.636,5/30/2022 12:00:00 AM,1427,2,2,0,0,CLEAR,DRY,False,REAR END IN TRAFFIC LANES BOTH VEHICLES MOVING,REAR END,STRAIGHT & LEVEL,DAYLIGHT,,,5/31/2022 2:57:02 PM,False,958,Accepted,
30124870,0470000,HARDIN COUNTY SHERIFF DEPT.,Accepted,HARDIN,I 0065,,I65 N,,,,,,,,,37.789057407,-85.764502531,101.010,5/27/2022 12:00:00 AM,1315,2,2,0,0,CLEAR,DRY,False,REAR END IN TRAFFIC LANES BOTH VEHICLES MOVING,REAR END,STRAIGHT & LEVEL,DAYLIGHT,,,5/31/2022 2:56:40 PM,False,961,Accepted,
30111101,0150000,BULLITT COUNTY SHERIFF DEPT.,Accepted,BULLITT,I 0065,,I65 N,,,,,,,,,37.828686519,-85.720064410,104.797,5/27/2022 12:00:00 AM,0944,2,2,0,0,CLOUDY,DRY,False,SIDESWIPE COLLISION - SAME DIRECTION,SIDESWIPE-SAME DIRECTION,CURVE & LEVEL,DAYLIGHT,,,5/27/2022 5:36:41 PM,False,1232,Accepted,
30115866,0730000,MCCRACKEN COUNTY SHERIFF DEPT.,Accepted,MCCRACKEN,,,HOVEKAMP,RD,W,,,,,,,37.045966639,-88.589283779,0.223,5/27/2022 12:00:00 AM,1409,1,1,0,0,CLEAR,DRY,False,RAN OFF ROADWAY (1 VEHICLE WITH/EARTH EMBANKMENT/DITCH),SINGLE VEHICLE,CURVE & LEVEL,DAYLIGHT,,,5/29/2022 8:57:48 AM,False,32,Accepted,
31538417,0980200,ELKHORN CITY POLICE DEPARTMENT,Accepted,PIKE,KY0080,,KY80,,,,CEDAR HILL,,,,,37.314695913,-82.360048710,2.111,5/26/2022 12:00:00 AM,1722,2,2,0,0,CLOUDY,WET,False,SIDESWIPE-SAME DIRECTION,SIDESWIPE-SAME DIRECTION,STRAIGHT & LEVEL,DAYLIGHT,,,4/24/2023 12:42:57 PM,False,4125,Accepted,
30106762,0150000,BULLITT COUNTY SHERIFF DEPT.,Accepted,BULLITT,I 0065,,I65 S,,,,,I 0065,I65 S EXIT105 ON RAMP FROM KY61,I 0065,I65 TURN AROUND104,37.827593470,-85.721504390,104.665,5/26/2022 12:00:00 AM,0734,2,2,0,0,RAINING,WET,False,REAR END IN TRAFFIC LANES BOTH VEHICLES MOVING,REAR END,CURVE & GRADE,DAYLIGHT,,,5/26/2022 3:51:18 PM,False,1113,Accepted,
30148984,0150200,LEBANON JUNCTION POLICE DEPT.,Accepted,BULLITT,I 0065,,I65 S,,,,,,,,,37.873715594,-85.703299454,108.051,5/26/2022 12:00:00 AM,1830,2,2,0,1,CLEAR,DRY,False,REAR END IN TRAFFIC LANES BOTH VEHICLES MOVING,REAR END,STRAIGHT & LEVEL,DAYLIGHT,,,6/6/2022 9:28:22 AM,False,601,Accepted,
30109671,0790000,MARSHALL COUNTY SHERIFF DEPT.,Accepted,MARSHALL,US0062,,US62,,,,,,HOWARDS GROVE,,RAINBOW,37.004806328,-88.383668063,5.558,5/26/2022 12:00:00 AM,1129,2,2,0,1,CLEAR,DRY,False,1 VEHICLE ENTERING/LEAVING ENTRANCE,ANGLE,STRAIGHT & LEVEL,DAYLIGHT,,,5/27/2022 10:47:58 AM,False,42,Accepted,
30107663,0080000,BOONE COUNTY SHERIFF DEPT.,Accepted,BOONE,KY0237,,BEND,RD,N,I 0275,I275 E EXIT7 ON RAMP FROM KY237,,,,,39.082884208,-84.710108984,10.683,5/26/2022 12:00:00 AM,0120,2,2,0,0,CLEAR,DRY,False,OPPOSING LEFT TURN,OPPOSING LEFT TURN,STRAIGHT & LEVEL,DARK-HWY LIGHTED/ON,,,5/26/2022 8:37:40 PM,False,3703,Accepted,
30099888,0570100,NICHOLASVILLE POLICE DEPT.,Accepted,JESSAMINE,US0027,,NICHOLASVILLE,BYP,,,,,,,,37.901450058,-84.582075350,9.731,5/24/2022 12:00:00 AM,0426,3,2,0,2,CLOUDY,OTHER,False,SIDESWIPE COLLISION - SAME DIRECTION,SIDESWIPE-SAME DIRECTION,STRAIGHT & LEVEL,DARK-HWY NOT LIGHTED,,,5/25/2022 2:45:55 AM,True,510,Accepted,
30108309,0340200,LEXINGTON POLICE DEPARTMENT,Accepted,FAYETTE,,,LANE ALLEN,RD,,,ROSEMONT,,,,,38.023866228,-84.532215522,0.001,5/24/2022 12:00:00 AM,1043,2,2,0,0,CLOUDY,DRY,False,ANGLE COLLISION - OTHER,ANGLE,STRAIGHT & LEVEL,DAYLIGHT,,,5/27/2022 1:20:50 AM,False,56412,Accepted,
30098135,0100100,ASHLAND POLICE DEPARTMENT,Accepted,BOYD,,1700,39TH,ST,,,,,,,,38.456978673,-82.631505969,1.124,5/24/2022 12:00:00 AM,0806,1,1,0,0,CLOUDY,DRY,False,OTHER ROADWAY OR MID-BLOCK COLLISION,SINGLE VEHICLE,CURVE & GRADE,DAYLIGHT,,,5/24/2022 5:24:54 PM,False,1520,Accepted,
30097888,0080200,FLORENCE POLICE DEPARTMENT,Accepted,BOONE,I 0075,,,,,,,,,,,38.957948577,-84.635987162,0.311,5/24/2022 12:00:00 AM,0918,2,2,0,0,CLEAR,DRY,False,SIDESWIPE COLLISION - SAME DIRECTION,SIDESWIPE-SAME DIRECTION,STRAIGHT & LEVEL,DAYLIGHT,,,5/24/2022 4:42:51 PM,False,61,Accepted,
30098483,1060100,SHELBYVILLE POLICE DEPARTMENT,Accepted,SHELBY,KY0053,,MT EDEN,RD,,US0060,FRANKFORT,,,,,38.210575974,-85.203711714,8.006,5/23/2022 12:00:00 AM,0735,2,2,0,0,CLOUDY,DRY,False,OTHER INTERSECTION COLLISIONS,REAR TO REAR,STRAIGHT & LEVEL,DAYLIGHT,,,5/24/2022 6:54:55 PM,False,216,Accepted,
30095896,KSP0400,KY STATE POLICE POST 04,Accepted,HARDIN,US0031W,,DIXIE,HWY,S,,,,,,,37.519844737,-85.880159045,4.176,5/23/2022 12:00:00 AM,0900,2,2,0,0,RAINING,WET,False,REAR END IN TRAFFIC LANES BOTH VEHICLES MOVING,REAR END,STRAIGHT & LEVEL,DAYLIGHT,,,5/24/2022 8:23:57 AM,False,905,Accepted,
30099074,KSP0100,KY STATE POLICE POST 01,Accepted,MARSHALL,I 0024,,I24 W,,,,,,,,,37.023536766,-88.288919526,29.104,5/23/2022 12:00:00 AM,1201,2,2,0,0,CLEAR,DRY,False,REAR END IN TRAFFIC LANES BOTH VEHICLES MOVING,REAR END,STRAIGHT & LEVEL,DAYLIGHT,,,5/24/2022 10:05:01 PM,False,405,Accepted,
30273446,0470100,ELIZABETHTOWN POLICE DEPT.,Accepted,HARDIN,US0031W,,DIXIE,AVE,N,,,,NALLS,,COMMUNICARE,37.726578811,-85.883408952,19.357,5/22/2022 12:00:00 AM,1234,2,2,0,0,CLOUDY,OTHER,False,REAR END IN TRAFFIC LANES BOTH VEHICLES MOVING,REAR END,STRAIGHT & LEVEL,DAYLIGHT,,,7/7/2022 9:54:01 AM,False,0118,Accepted,
30109805,0100000,BOYD COUNTY SHERIFF DEPARTMENT,Accepted,BOYD,,,OLD BUCKLEY,RD,,,,,,,,38.472931011,-82.676366098,1.875,5/22/2022 12:00:00 AM,1804,1,1,0,0,CLEAR,DRY,False,RAN OFF ROADWAY (1 VEHICLE WITH/EARTH EMBANKMENT/DITCH),SINGLE VEHICLE,STRAIGHT & LEVEL,DAYLIGHT,,,5/27/2022 11:38:43 AM,False,223,Accepted,
30094990,0190500,HIGHLAND HEIGHTS POLICE DEPT.,Accepted,CAMPBELL,,257,SUNSET,DR,,,,,,,,39.038066314,-84.460999275,0.264,5/21/2022 12:00:00 AM,1618,1,1,0,0,CLEAR,DRY,False,OTHER ROADWAY OR MID-BLOCK COLLISION,SINGLE VEHICLE,STRAIGHT & LEVEL,DAYLIGHT,,,5/24/2022 1:39:42 AM,False,510,Accepted,
30621223,0810000,MASON COUNTY SHERIFF,Accepted,MASON,KY0010,,MASON LEWIS,RD,,,,,,,,38.635604953,-83.714145474,6.397,5/21/2022 12:00:00 AM,1735,2,2,0,2,CLEAR,DRY,False,SIDESWIPE COLLISION - SAME DIRECTION,SIDESWIPE-SAME DIRECTION,CURVE & GRADE,DAYLIGHT,,,9/28/2022 9:09:00 AM,False,62,Accepted,
30100727,0470000,HARDIN COUNTY SHERIFF DEPT.,Accepted,HARDIN,WK9001,,WK9001 E,,,,,,,,,37.580823851,-86.015072793,124.798,5/21/2022 12:00:00 AM,0930,2,2,0,1,CLEAR,DRY,False,SIDESWIPE COLLISION - SAME DIRECTION,SIDESWIPE-SAME DIRECTION,STRAIGHT & LEVEL,DAYLIGHT,,,5/25/2022 8:19:47 AM,False,961,Accepted,
30083545,0340200,LEXINGTON POLICE DEPARTMENT,Accepted,FAYETTE,,,CLAYS MILL,RD,,,MITCHELL,,,,,38.022798359,-84.532792253,0.592,5/20/2022 12:00:00 AM,0804,2,2,0,0,CLOUDY,DRY,True,ANGLE COLLISION - OTHER,ANGLE,STRAIGHT & LEVEL,DAYLIGHT,,,5/20/2022 5:21:31 PM,False,56413,Accepted,
30085377,0080000,BOONE COUNTY SHERIFF DEPT.,Accepted,BOONE,,,BEST PAL,DR,,KY0338,RICHWOOD,,,,,38.918287767,-84.625873805,0.004,5/19/2022 12:00:00 AM,0734,2,2,0,0,CLOUDY,OTHER,False,SIDESWIPE-SAME DIRECTION,SIDESWIPE-SAME DIRECTION,STRAIGHT & LEVEL,DAYLIGHT,,,5/21/2022 8:07:39 AM,False,3734,Accepted,
30103698,0470100,ELIZABETHTOWN POLICE DEPT.,Accepted,HARDIN,US0031W,1300,DIXIE,AVE,N,,,,HIDDEN,US0031WB,US31W BYP S TURN LANE,37.720692469,-85.880586354,18.928,5/19/2022 12:00:00 AM,0056,1,1,0,0,CLEAR,DRY,False,OTHER COLLISIONS ON SHOULDER,SINGLE VEHICLE,STRAIGHT & LEVEL,DARK-HWY LIGHTED/ON,,,5/25/2022 10:03:26 PM,False,0153,Accepted,
30097208,0470300,VINE GROVE POLICE DEPARTMENT,Accepted,HARDIN,,,MILL,ST,S,KY0144,MAIN,,,,,37.810081601,-85.980840337,0.570,5/18/2022 12:00:00 AM,1112,1,1,0,0,CLEAR,DRY,False,OTHER INTERSECTION COLLISIONS,SINGLE VEHICLE,CURVE & GRADE,DAYLIGHT,,,5/24/2022 2:27:31 PM,False,807,Accepted,
30078372,0370000,FRANKLIN COUNTY SHERIFF,Accepted,FRANKLIN,I 0064,,I64 W,,,,,,,,,38.153131754,-84.943603653,50.325,5/18/2022 12:00:00 AM,1433,1,1,0,1,CLOUDY,DRY,False,OTHER ROADWAY OR MID-BLOCK COLLISION,SINGLE VEHICLE,STRAIGHT & LEVEL,DAYLIGHT,,,5/19/2022 12:38:22 PM,False,907,Accepted,
30078634,0590100,COVINGTON POLICE DEPARTMENT,Accepted,KENTON,US0025,,PIKE,ST,,I 0075,I75 N EXIT191 ON RAMP FROM US25,,,,,39.077371765,-84.519683800,12.755,5/17/2022 12:00:00 AM,1008,2,2,0,0,CLEAR,DRY,False,ANGLE COLLISION - ONE VEHICLE TURNING LEFT,ANGLE,STRAIGHT & LEVEL,DAYLIGHT,,,5/19/2022 1:40:44 PM,False,0245,Accepted,
30073350,0590100,COVINGTON POLICE DEPARTMENT,Accepted,KENTON,KY0017,,MADISON,PIKE,,KY3148,OLD MADISON,,,,,39.017802825,-84.529997073,17.746,5/17/2022 12:00:00 AM,1516,2,2,0,0,CLEAR,DRY,False,OTHER INTERSECTION COLLISIONS,REAR END,STRAIGHT & LEVEL,DAYLIGHT,,,5/18/2022 9:11:48 AM,False,0328,Accepted,
30089216,0630000,LAUREL COUNTY SHERIFF DEPT.,Accepted,LAUREL,KY0030,5000,KY30,,E,,,,,,,37.233630661,-84.045820799,7.180,5/16/2022 12:00:00 AM,1402,3,3,0,0,CLEAR,DRY,False,1 VEHICLE ENTERING/LEAVING ENTRANCE,ANGLE,STRAIGHT & LEVEL,DAYLIGHT,,,5/22/2022 11:03:42 PM,False,1136,Accepted,
30101046,KSP0300,KY STATE POLICE POST 03,Accepted,SIMPSON,I 0065,,I65 N,,,,,,,,,36.777193894,-86.479992581,10.894,5/16/2022 12:00:00 AM,2130,3,3,0,1,CLEAR,DRY,True,SIDESWIPE COLLISION - SAME DIRECTION,SIDESWIPE-SAME DIRECTION,STRAIGHT & HILLCREST,DARK-HWY NOT LIGHTED,,,5/25/2022 10:08:33 AM,False,632,Accepted,
30063863,KSP0400,KY STATE POLICE POST 04,Accepted,HARDIN,I 0065,,I65 S,,,,,,,,,37.798001088,-85.751602266,102.032,5/16/2022 12:00:00 AM,0145,2,2,0,0,CLEAR,DRY,True,SIDESWIPE COLLISION - SAME DIRECTION,SIDESWIPE-SAME DIRECTION,CURVE & LEVEL,DARK-HWY NOT LIGHTED,,,5/16/2022 9:07:44 AM,False,782,Accepted,
30067702,0570100,NICHOLASVILLE POLICE DEPT.,Accepted,JESSAMINE,US0027,,NICHOLASVILLE,BYP,,,,,ETTER,US0027,US27 N RAMP FROM KY29 S,37.886614094,-84.592124780,8.620,5/16/2022 12:00:00 AM,2218,2,2,0,1,CLEAR,DRY,False,HEAD-ON COLLISION,HEAD ON,STRAIGHT & LEVEL,DARK-HWY NOT LIGHTED,,,5/17/2022 4:19:50 AM,False,576,Accepted,
30070717,0080000,BOONE COUNTY SHERIFF DEPT.,Accepted,BOONE,I 0075,,,,,,,,,,,38.855681793,-84.622812215,0.231,5/16/2022 12:00:00 AM,1651,2,2,0,0,CLEAR,DRY,False,OTHER RAMP RELATED COLLISIONS NOT LISTED ABOVE,REAR END,STRAIGHT & LEVEL,DAYLIGHT,MARY GRUBBS HWY,I 0075,5/17/2022 6:01:33 PM,False,3704,Accepted,
30070190,0590100,COVINGTON POLICE DEPARTMENT,Accepted,KENTON,KY0017,,MADISON,PIKE,,,ROLLING HILLS,,,,,39.014650508,-84.529052689,17.532,5/16/2022 12:00:00 AM,1653,2,2,0,2,CLEAR,DRY,False,OPPOSING LEFT TURN,OPPOSING LEFT TURN,STRAIGHT & LEVEL,DAYLIGHT,,,5/17/2022 4:17:36 PM,False,0328,Accepted,
30063283,0190200,CAMPBELL COUNTY POLICE DEPT.,Accepted,CAMPBELL,KY0009,,AA,HWY,,,,,POPLAR RIDGE,,ENZWEILER,38.981888259,-84.380460172,11.200,5/15/2022 12:00:00 AM,2139,2,1,0,1,CLEAR,DRY,False,COLLISION WITH PEDESTRIAN NON - INTERSECTION,SINGLE VEHICLE,STRAIGHT & LEVEL,DARK-HWY NOT LIGHTED,,,5/16/2022 7:07:12 AM,False,7,Accepted,
30082418,KSP0400,KY STATE POLICE POST 04,Accepted,HARDIN,I 0065,,I65 NB,,,,,,,,,37.796569199,-85.752501009,101.884,5/15/2022 12:00:00 AM,1436,3,3,0,0,CLEAR,DRY,False,REAR END IN TRAFFIC LANES BOTH VEHICLES MOVING,REAR END,STRAIGHT & LEVEL,DAYLIGHT,,,5/20/2022 11:47:02 AM,False,391,Accepted,
30064587,KSP0300,KY STATE POLICE POST 03,Accepted,SIMPSON,I 0065,,I65 S,,,,,,,,,36.757479822,-86.488313364,9.457,5/15/2022 12:00:00 AM,0653,2,2,0,0,CLOUDY,DRY,True,SIDESWIPE COLLISION - SAME DIRECTION,SIDESWIPE-SAME DIRECTION,STRAIGHT & LEVEL,DAYLIGHT,,,5/16/2022 11:15:42 AM,False,446,Accepted,
30061409,0150000,BULLITT COUNTY SHERIFF DEPT.,Accepted,BULLITT,I 0065,,I65 N,,,,,,,,,37.816551138,-85.735492464,103.603,5/15/2022 12:00:00 AM,1130,2,2,0,0,CLEAR,DRY,False,SIDESWIPE COLLISION - SAME DIRECTION,SIDESWIPE-SAME DIRECTION,STRAIGHT & LEVEL,DAYLIGHT,,,5/15/2022 6:26:04 PM,False,1055,Accepted,
30060650,0730100,PADUCAH POLICE DEPARTMENT,Accepted,MCCRACKEN,,,BROADWAY,,,,,,13TH,,HIGH,37.081544353,-88.610862924,1.685,5/14/2022 12:00:00 AM,1630,2,2,0,0,CLEAR,DRY,False,SIDESWIPE COLLISION - SAME DIRECTION,SIDESWIPE-SAME DIRECTION,STRAIGHT & LEVEL,DAYLIGHT,,,5/15/2022 12:44:54 PM,False,395,Accepted,
30060931,0150000,BULLITT COUNTY SHERIFF DEPT.,Accepted,BULLITT,I 0065,,I65 S,,,,,,,,,37.871229252,-85.704039419,107.873,5/14/2022 12:00:00 AM,1450,2,2,0,0,RAINING,WET,False,REAR END IN TRAFFIC LANES BOTH VEHICLES MOVING,REAR END,STRAIGHT & LEVEL,DAYLIGHT,,,5/15/2022 3:41:01 PM,False,1232,Accepted,
30059538,0080200,FLORENCE POLICE DEPARTMENT,Accepted,BOONE,KY0536,,MT ZION,RD,,I 0075,I75 S EXIT178 OFF RAMP TO  MT ZION RD,,,,,38.956702514,-84.636203961,13.280,5/13/2022 12:00:00 AM,2025,2,2,0,0,CLEAR,DRY,False,OTHER INTERSECTION COLLISIONS,REAR END,STRAIGHT & LEVEL,DAYLIGHT,,,5/15/2022 12:27:43 AM,False,55,Accepted,
30065571,0561500,UNIV. OF LOUISVILLE POLICE,Accepted,JEFFERSON,,,FLOYD,ST,S,,HAHN,,,,,38.212059117,-85.755497100,3.006,5/13/2022 12:00:00 AM,1132,2,2,0,0,CLEAR,DRY,False,ANGLE COLLISION - OTHER,ANGLE,STRAIGHT & LEVEL,DAYLIGHT,,,5/16/2022 3:27:39 PM,False,5618,Accepted,