IncidentID,AgencyORI,AgencyName,IncidentStatusDesc,County,RdwyNumber,Street,RoadwayName,StreetSfx,StreetDir,IntersectionRdwy,IntersectionRdwyName,BetweenStRdwy1,BetweenStRdwyName1,BetweenStRdwy2,BetweenStRdwyName2,Latitude,Longitude,Milepoint,CollisionDate,CollisionTime,UnitsInvolved,MotorVehiclesInvolved,NumberKilled,NumberInjured,Weather,RdwyConditionCode,HitandRun,DirAnalysisCode,MannerofCollision,RdwyCharacter,LightCondition,RampFromRdwyId,RampToRdwyId,AcceptedDate,IsSecondaryCollision,OwnerBadge,IncidentStatus,
29976416,0080200,FLORENCE POLICE DEPARTMENT,Accepted,BOONE,I 0075,,I75 S,,,,,,,,,38.962695006,-84.635516613,178.462,4/22/2022 12:00:00 AM,2105,2,2,0,0,CLEAR,DRY,False,1 VEHICLE ENTERING/LEAVING ENTRANCE,ANGLE,STRAIGHT & LEVEL,DARK-HWY LIGHTED/ON,,,4/24/2022 6:46:52 AM,False,74,Accepted,
29984582,0630000,LAUREL COUNTY SHERIFF DEPT.,Accepted,LAUREL,US0025,,US25,,S,,,,,,,36.981925222,-84.079719934,1.181,4/22/2022 12:00:00 AM,1000,3,3,0,0,CLEAR,DRY,False,REAR END IN TRAFFIC LANES BOTH VEHICLES MOVING,REAR END,STRAIGHT & LEVEL,DAYLIGHT,,,4/26/2022 9:06:31 AM,False,1138,Accepted,
29992964,0568000,LOUISVILLE METRO POLICE DEPT,Accepted,JEFFERSON,I 0065,,I65 S,,,,,,,,,38.261668515,-85.742074026,136.669,4/21/2022 12:00:00 AM,1344,3,3,0,0,CLOUDY,DRY,False,REAR END IN TRAFFIC LANES BOTH VEHICLES MOVING,REAR END,STRAIGHT & LEVEL,DAYLIGHT,,,4/28/2022 7:17:07 AM,False,8278,Accepted,
29979786,0568000,LOUISVILLE METRO POLICE DEPT,Accepted,JEFFERSON,US0031W,300 BLK,MARKET,ST,W,,,,,,,38.255096503,-85.755728491,21.913,4/21/2022 12:00:00 AM,1529,2,2,0,0,CLEAR,DRY,False,1 VEHICLE ENTERING/LEAVING ENTRANCE,ANGLE,STRAIGHT & LEVEL,DAYLIGHT,,,4/25/2022 8:16:13 AM,False,5338,Accepted,
29970607,0190400,FT. THOMAS POLICE DEPARTMENT,Accepted,CAMPBELL,KY1120,1,FT THOMAS,AVE,N,,,,MILLERS,,HIGHLAND,39.078570676,-84.448555277,4.231,4/21/2022 12:00:00 AM,1228,2,2,0,0,CLOUDY,MUD-DIRT,False,1 VEHICLE PARKED POSITION (NOT PARKING LOT/DRIVEWAY),SIDESWIPE-SAME DIRECTION,STRAIGHT & LEVEL,DAYLIGHT,,,4/22/2022 10:51:31 AM,False,4447,Accepted,
29980755,0180000,CALLOWAY COUNTY SHERIFF DEPT.,Accepted,CALLOWAY,KY0121,,KY121 BUS,,S,,,,,,,36.535531135,-88.145170284,3.645,4/21/2022 12:00:00 AM,1445,2,1,0,1,CLOUDY,DRY,False,COLLISION WITH PEDESTRIAN NON - INTERSECTION,SINGLE VEHICLE,STRAIGHT & LEVEL,DAYLIGHT,,,4/25/2022 12:01:50 PM,False,18,Accepted,
29970476,0430100,LEITCHFIELD POLICE DEPARTMENT,Accepted,GRAYSON,US0062,,ELIZABETHTOWN,RD,,,OAK WOOD,,,,,37.490000463,-86.250941430,23.767,4/21/2022 12:00:00 AM,2235,1,1,0,0,CLOUDY,DRY,False,OTHER INTERSECTION COLLISIONS,SINGLE VEHICLE,STRAIGHT & LEVEL,DARK-HWY LIGHTED/OFF,,,4/22/2022 10:11:00 AM,False,18,Accepted,
29970138,0080000,BOONE COUNTY SHERIFF DEPT.,Accepted,BOONE,KY0338,,RICHWOOD,RD,,I 0075,I75 N EXIT175 ON RAMP FROM  RICHWOOD DR,,,,,38.917876410,-84.627343104,0.170,4/20/2022 12:00:00 AM,1456,2,2,0,0,CLEAR,DRY,False,SIDESWIPE-SAME DIRECTION,SIDESWIPE-SAME DIRECTION,STRAIGHT & LEVEL,DAYLIGHT,,,4/22/2022 8:32:05 AM,False,3747,Accepted,
29956957,0780000,MARION COUNTY SHERIFF DEPT.,Accepted,MARION,US0068,,NEW CAMPBELLSVILLE,RD,,,,,,,,37.447012408,-85.291342173,0.866,4/19/2022 12:00:00 AM,0921,2,2,0,0,CLEAR,DRY,False,REAR END IN TRAFFIC LANES BOTH VEHICLES MOVING,REAR END,STRAIGHT & GRADE,DAYLIGHT,,,4/19/2022 1:03:40 PM,False,1200,Accepted,
29979969,0240000,CHRISTIAN COUNTY SHERIFF OFFICE,Accepted,CHRISTIAN,I 0024,86MM,I24 W,,,,,,,,,36.699929623,-87.447133678,86.079,4/18/2022 12:00:00 AM,1330,2,2,0,1,CLEAR,DRY,False,REAR END IN TRAFFIC LANES BOTH VEHICLES MOVING,REAR END,STRAIGHT & LEVEL,DAYLIGHT,,,4/25/2022 8:38:50 AM,False,605-A,Accepted,
29962239,0340200,LEXINGTON POLICE DEPARTMENT,Accepted,FAYETTE,,,CLAYS MILL,RD,,,CECIL,,,,,38.009592704,-84.540854811,1.607,4/18/2022 12:00:00 AM,1340,2,2,0,0,CLOUDY,DRY,False,OTHER INTERSECTION COLLISIONS,REAR END,CURVE & LEVEL,DAYLIGHT,,,4/20/2022 3:35:09 PM,False,56412,Accepted,
29954793,0300100,OWENSBORO POLICE DEPARTMENT,Accepted,DAVIESS,,2300BLK,CITATION,AVE,,,,,,,,37.749710038,-87.142043972,0.290,4/18/2022 12:00:00 AM,1410,2,2,0,0,CLEAR,DRY,False,SIDESWIPE COLLISION - SAME DIRECTION,SIDESWIPE-SAME DIRECTION,STRAIGHT & LEVEL,DAYLIGHT,,,4/19/2022 1:28:00 AM,False,367,Accepted,
29957509,0080200,FLORENCE POLICE DEPARTMENT,Accepted,BOONE,I 0075,,I75 SB,,,,,,,,,38.944535169,-84.633003648,177.232,4/18/2022 12:00:00 AM,2050,2,2,0,0,RAINING,WET,False,SIDESWIPE COLLISION - SAME DIRECTION,SIDESWIPE-SAME DIRECTION,STRAIGHT & LEVEL,DARK-HWY LIGHTED/ON,,,4/19/2022 3:50:20 PM,False,41,Accepted,
29950700,0568000,LOUISVILLE METRO POLICE DEPT,Accepted,JEFFERSON,I 0265,,,,,,,,,,,38.299038107,-85.551743517,0.242,4/16/2022 12:00:00 AM,1155,2,2,0,1,CLEAR,DRY,False,OTHER RAMP RELATED COLLISIONS NOT LISTED ABOVE,REAR END,STRAIGHT & LEVEL,DAYLIGHT,I 0265,KY1447,4/18/2022 8:23:55 AM,False,2969,Accepted,
30000513,1090000,TAYLOR COUNTY SHERIFF DEPT.,Accepted,TAYLOR,KY0070,,ELKHORN,RD,,,,,,,,37.333823663,-85.306046370,2.470,4/16/2022 12:00:00 AM,2056,2,2,0,1,CLEAR,DRY,False,SIDESWIPE COLLISION - SAME DIRECTION,SIDESWIPE-SAME DIRECTION,STRAIGHT & GRADE,DARK-HWY NOT LIGHTED,,,4/29/2022 11:42:15 PM,False,1505,Accepted,
29989091,0561900,AUDUBON PARK POLICE DEPARTMENT,Accepted,JEFFERSON,,3307,WREN,RD,,,,,,,,38.201260174,-85.731146737,0.186,4/16/2022 12:00:00 AM,1900,2,2,0,0,CLEAR,DRY,True,1 VEHICLE PARKED POSITION (NOT PARKING LOT/DRIVEWAY),SIDESWIPE-SAME DIRECTION,STRAIGHT & LEVEL,DAYLIGHT,,,4/27/2022 9:38:45 AM,False,5107,Accepted,
29970265,0470000,HARDIN COUNTY SHERIFF DEPT.,Accepted,HARDIN,,,I65 SOUTH MM 102,,,,,,,,,37.663598236,-85.854605873,,4/15/2022 12:00:00 AM,0630,1,1,0,1,CLEAR,DRY,False,OTHER ROADWAY OR MID-BLOCK COLLISION,SINGLE VEHICLE,STRAIGHT & LEVEL,DAWN,,,4/22/2022 9:14:07 AM,False,955,Accepted,
29978338,0470100,ELIZABETHTOWN POLICE DEPT.,Accepted,HARDIN,US0031W,,DIXIE,AVE,N,,,,NALLS,,COMMUNICARE,37.725953709,-85.882729892,19.305,4/15/2022 12:00:00 AM,1924,3,3,0,0,RAINING,WET,False,REAR END IN TRAFFIC LANES BOTH VEHICLES MOVING,REAR END,STRAIGHT & LEVEL,DAYLIGHT,,,4/25/2022 12:00:33 AM,False,0130,Accepted,
29983176,0260100,MANCHESTER POLICE DEPARTMENT,Accepted,CLAY,US0421,,US421,,S,,,,,,,37.136663300,-83.763441337,16.603,4/15/2022 12:00:00 AM,1229,2,2,0,0,CLEAR,DRY,False,1 VEHICLE ENTERING/LEAVING ENTRANCE,ANGLE,STRAIGHT & LEVEL,DAYLIGHT,,,4/25/2022 11:29:26 PM,False,109,Accepted,
30001885,0070100,MIDDLESBORO POLICE DEPARTMENT,Accepted,BELL,US0025E,,12TH,ST,N,,,,,,,36.618046336,-83.703568828,2.400,4/15/2022 12:00:00 AM,1516,2,2,0,0,CLEAR,DRY,False,REAR END IN TRAFFIC LANES BOTH VEHICLES MOVING,REAR END,STRAIGHT & LEVEL,DAYLIGHT,,,4/30/2022 1:39:10 PM,False,524,Accepted,
30069227,0520000,HENRY COUNTY SHERIFF DEPT.,Accepted,HENRY,I 0071,,I71 S,,,,,,,,,38.533666876,-85.222417999,34.484,4/14/2022 12:00:00 AM,1155,2,2,0,0,CLEAR,DRY,False,REAR END IN TRAFFIC LANES BOTH VEHICLES MOVING,REAR END,STRAIGHT & LEVEL,DAYLIGHT,,,5/17/2022 12:19:16 PM,False,111,Accepted,
29996739,0660000,LESLIE COUNTY SHERIFF DEPT.,Accepted,LESLIE,KY2009,,GREASY CREEK,RD,,,,,,,,37.064186610,-83.378442101,13.533,4/14/2022 12:00:00 AM,1516,2,1,0,0,CLEAR,DRY,False,1 VEHICLE PARKED POSITION (NOT PARKING LOT/DRIVEWAY),SIDESWIPE-SAME DIRECTION,STRAIGHT & LEVEL,DAYLIGHT,,,4/29/2022 3:02:40 AM,False,SO1,Accepted,
29947895,0080000,BOONE COUNTY SHERIFF DEPT.,Accepted,BOONE,KY0237,,PLEASANT VALLEY,RD,,,,,,,,38.984387824,-84.682358196,2.967,4/14/2022 12:00:00 AM,1232,2,2,0,0,CLEAR,DRY,False,OTHER ROADWAY OR MID-BLOCK COLLISION,REAR END,STRAIGHT & HILLCREST,DAYLIGHT,,,4/17/2022 8:21:40 AM,False,3721,Accepted,
29950342,0930400,OLDHAM COUNTY POLICE DEPT.,Accepted,OLDHAM,I 0071,,I71 N,,,,,,,,,38.400985881,-85.369901757,22.056,4/14/2022 12:00:00 AM,2312,2,2,0,0,CLEAR,DRY,False,SIDESWIPE COLLISION - SAME DIRECTION,SIDESWIPE-SAME DIRECTION,STRAIGHT & LEVEL,DARK-HWY LIGHTED/ON,,,4/18/2022 7:03:28 AM,False,3104,Accepted,
29941441,0568000,LOUISVILLE METRO POLICE DEPT,Accepted,JEFFERSON,I 0071,,I71 N,,,,,,,,,38.314051609,-85.583246987,9.000,4/13/2022 12:00:00 AM,1152,1,1,0,1,RAINING,WET,False,COLLISION WITH FIXED OBJECT NON - INTERSECTION - FIRST EVENT COLLISION 09 - 32 EXCLUDING 16,SINGLE VEHICLE,STRAIGHT & LEVEL,DAYLIGHT,,,4/15/2022 7:48:25 AM,False,7751,Accepted,
30003664,0430000,GRAYSON COUNTY SHERIFF DEPT.,Accepted,GRAYSON,US0062,,MAPLE,ST,E,,,,,,,37.423903548,-86.483009836,8.989,4/11/2022 12:00:00 AM,0939,2,1,0,0,CLEAR,DRY,False,1 VEHICLE PARKED POSITION (NOT PARKING LOT/DRIVEWAY),SIDESWIPE-SAME DIRECTION,STRAIGHT & LEVEL,DAYLIGHT,,,5/1/2022 3:03:23 AM,False,102,Accepted,
30091438,0260000,CLAY COUNTY SHERIFF DEPT.,Accepted,CLAY,US0421,,US421,,S,,,,,,,37.132533741,-83.757146307,16.117,4/11/2022 12:00:00 AM,1700,2,2,0,0,CLOUDY,DRY,False,OTHER ROADWAY OR MID-BLOCK COLLISION,REAR END,STRAIGHT & LEVEL,DAYLIGHT,,,5/23/2022 10:34:50 AM,False,1109,Accepted,
29928499,0150000,BULLITT COUNTY SHERIFF DEPT.,Accepted,BULLITT,I 0065,,I65 N,,,,,,,,,37.815643705,-85.736413539,103.522,4/9/2022 12:00:00 AM,1614,2,2,0,0,CLEAR,DRY,True,1 VEHICLE PARKED POSITION (NOT PARKING LOT/DRIVEWAY),SIDESWIPE-SAME DIRECTION,CURVE & LEVEL,DAYLIGHT,,,4/12/2022 11:15:45 AM,False,1226,Accepted,
29930240,1090000,TAYLOR COUNTY SHERIFF DEPT.,Accepted,TAYLOR,US0068,,NEW LEBANON,RD,,,,,,,,37.410103980,-85.283373735,11.734,4/8/2022 12:00:00 AM,0520,1,1,0,0,CLOUDY,WET,False,OTHER COLLISIONS ON SHOULDER,SINGLE VEHICLE,STRAIGHT & LEVEL,DARK-HWY NOT LIGHTED,,,4/12/2022 5:23:59 PM,False,1501,Accepted,
29917013,0080000,BOONE COUNTY SHERIFF DEPT.,Accepted,BOONE,KY0536,642,MOUNT ZION,RD,,,,,,,,38.955899284,-84.640115891,13.088,4/7/2022 12:00:00 AM,2238,2,2,0,0,CLEAR,DRY,False,SIDESWIPE COLLISION - OPPOSITE DIRECTION,SIDESWIPE-OPPOSITE DIRECTION,STRAIGHT & LEVEL,DARK-HWY LIGHTED/ON,,,4/9/2022 6:05:12 AM,False,3756,Accepted,
29913780,0930400,OLDHAM COUNTY POLICE DEPT.,Accepted,OLDHAM,I 0071,,I71 N,,,,,,,,,38.335858024,-85.524905635,12.512,4/6/2022 12:00:00 AM,0041,2,2,0,0,CLOUDY,WET,False,SIDESWIPE COLLISION - SAME DIRECTION,SIDESWIPE-SAME DIRECTION,STRAIGHT & HILLCREST,DARK-HWY NOT LIGHTED,,,4/8/2022 7:40:47 AM,False,3106,Accepted,
29906135,0370200,KY STATE POLICE CVE,Accepted,METCALFE,LN9008,,LN9008 E,,,,,,,,,36.996601166,-85.648075776,28.001,4/5/2022 12:00:00 AM,0555,2,2,0,0,CLOUDY,WET,False,REAR END IN TRAFFIC LANES BOTH VEHICLES MOVING,REAR END,STRAIGHT & LEVEL,DARK-HWY NOT LIGHTED,,,4/6/2022 11:56:44 AM,False,C-327,Accepted,
29991787,0630000,LAUREL COUNTY SHERIFF DEPT.,Accepted,LAUREL,US0025E,,CUMBERLAND GAP,PKWY,W,,,,,,,36.967700686,-84.086096165,0.426,4/5/2022 12:00:00 AM,1525,2,2,0,2,CLOUDY,WET,False,OTHER ROADWAY OR MID-BLOCK COLLISION,REAR END,STRAIGHT & LEVEL,DAYLIGHT,,,4/27/2022 10:22:08 PM,False,1123,Accepted,
29923409,KSP0900,KY STATE POLICE POST 09,Accepted,MAGOFFIN,KY9009,,KY9009,,,,,,,,,37.742380154,-83.211580658,65.040,4/5/2022 12:00:00 AM,0911,2,2,0,0,CLOUDY,WET,False,OTHER ROADWAY OR MID-BLOCK COLLISION,REAR END,STRAIGHT & LEVEL,DAYLIGHT,,,4/11/2022 9:35:41 AM,False,736,Accepted,
29906279,0370200,KY STATE POLICE CVE,Accepted,TAYLOR,US0068,,NEW LEBANON,RD,,,,,,,,37.426924824,-85.281956456,12.898,4/5/2022 12:00:00 AM,0828,2,1,0,1,CLOUDY,WET,False,SIDESWIPE COLLISION - OPPOSITE DIRECTION,SIDESWIPE-OPPOSITE DIRECTION,STRAIGHT & GRADE,DAYLIGHT,,,4/6/2022 11:43:42 AM,False,C-111,Accepted,
29923181,0340200,LEXINGTON POLICE DEPARTMENT,Accepted,FAYETTE,,,CLAYS MILL,RD,,,LAMONT,,,,,38.011012968,-84.539504875,1.485,4/5/2022 12:00:00 AM,0744,3,3,0,0,RAINING,WET,True,OTHER INTERSECTION COLLISIONS,REAR END,STRAIGHT & LEVEL,DAYLIGHT,,,4/11/2022 9:02:31 AM,False,40247,Accepted,
29915633,0470100,ELIZABETHTOWN POLICE DEPT.,Accepted,HARDIN,US0031W,,DIXIE,AVE,N,US0031WB,31W,,,,,37.719324230,-85.879825420,18.825,4/4/2022 12:00:00 AM,1518,2,2,0,0,CLEAR,DRY,False,OTHER INTERSECTION COLLISIONS,REAR END,STRAIGHT & LEVEL,DAYLIGHT,,,4/8/2022 6:24:55 PM,False,0152,Accepted,
30102039,0070100,MIDDLESBORO POLICE DEPARTMENT,Accepted,BELL,US0025E,,12TH,ST,N,,,,,,,36.627664256,-83.703379648,3.095,4/4/2022 12:00:00 AM,1309,2,2,0,1,CLEAR,DRY,False,1 VEHICLE ENTERING/LEAVING ENTRANCE,ANGLE,STRAIGHT & LEVEL,DAYLIGHT,,,5/25/2022 2:43:24 PM,False,594,Accepted,
29910509,0920000,OHIO COUNTY SHERIFF DEPT.,Accepted,OHIO,WN9007,56000,WN9007 N,,,,,,,,,37.521607586,-86.919341972,54.850,4/4/2022 12:00:00 AM,1230,2,1,0,0,CLEAR,DRY,False,1 VEHICLE ENTERING/LEAVING ENTRANCE,ANGLE,STRAIGHT & LEVEL,DAYLIGHT,,,4/7/2022 11:41:26 AM,False,1107,Accepted,
29953782,KSP1200,KY STATE POLICE POST 12,Accepted,FRANKLIN,I 0064,,I64 WB,,,,,,,,,38.158777600,-84.909454471,52.266,4/3/2022 12:00:00 AM,1500,6,6,0,2,CLEAR,DRY,False,SIDESWIPE COLLISION - SAME DIRECTION,SIDESWIPE-SAME DIRECTION,STRAIGHT & LEVEL,DAYLIGHT,,,4/18/2022 6:39:48 PM,False,254,Accepted,
29892273,0080000,BOONE COUNTY SHERIFF DEPT.,Accepted,BOONE,I 0075,,I75 N,,,,,,,,,38.904088316,-84.627544117,174.497,4/1/2022 12:00:00 AM,2240,2,2,0,0,CLEAR,DRY,False,REAR END IN TRAFFIC LANES BOTH VEHICLES MOVING,REAR END,STRAIGHT & LEVEL,DARK-HWY LIGHTED/ON,,,4/3/2022 12:28:58 AM,False,3711,Accepted,
29886712,0568000,LOUISVILLE METRO POLICE DEPT,Accepted,JEFFERSON,I 0265,,I265 N,,,,,,,,,38.272103337,-85.500656649,28.898,3/31/2022 12:00:00 AM,0955,2,2,0,2,CLOUDY,WET,False,SIDESWIPE COLLISION - SAME DIRECTION,SIDESWIPE-SAME DIRECTION,STRAIGHT & LEVEL,DAYLIGHT,,,4/1/2022 8:05:50 AM,False,7316,Accepted,
29869254,0470000,HARDIN COUNTY SHERIFF DEPT.,Accepted,HARDIN,I 0065,,I65 S,,,,,I 0065,I65 S EXIT102 ON RAMP FROM KY313 S,I 0065,I65 S EXIT102 OFF RAMP TO KY313 N,37.805177047,-85.746907416,102.599,3/26/2022 12:00:00 AM,0734,4,4,0,5,CLEAR,DRY,False,OTHER ROADWAY OR MID-BLOCK COLLISION,REAR TO REAR,STRAIGHT & LEVEL,DAYLIGHT,,,3/28/2022 9:24:40 AM,False,961,Accepted,
29864098,0150000,BULLITT COUNTY SHERIFF DEPT.,Accepted,BULLITT,I 0065,,I65 N,,,,,,,,,37.826996011,-85.721482694,104.718,3/26/2022 12:00:00 AM,0605,2,2,0,1,CLEAR,DRY,False,REAR END IN TRAFFIC LANES BOTH VEHICLES MOVING,REAR END,CURVE & GRADE,DARK-HWY LIGHTED/OFF,,,3/26/2022 5:34:30 PM,False,1033,Accepted,
29864100,0150000,BULLITT COUNTY SHERIFF DEPT.,Accepted,BULLITT,I 0065,105,I65 N,,,I 0065,I65 N EXIT105 OFF RAMP TO KY61,,,,,37.827294699,-85.721180621,104.697,3/26/2022 12:00:00 AM,0554,2,2,0,0,CLEAR,DRY,False,OTHER INTERSECTION COLLISIONS,REAR END,STRAIGHT & LEVEL,DARK-HWY LIGHTED/OFF,,,3/26/2022 5:34:39 PM,False,1113,Accepted,
29869357,0920000,OHIO COUNTY SHERIFF DEPT.,Accepted,OHIO,WN9007,,WN9007 S,,,,,,,,,37.379502564,-86.806218130,42.916,3/25/2022 12:00:00 AM,0525,2,2,0,2,CLEAR,DRY,False,REAR END IN TRAFFIC LANES BOTH VEHICLES MOVING,REAR END,STRAIGHT & LEVEL,DARK-HWY LIGHTED/ON,,,3/28/2022 9:47:14 AM,False,1106,Accepted,
29863302,0920100,HARTFORD POLICE DEPARTMENT,Accepted,OHIO,,,69N,,,,,,,,,37.457728735,-86.881957228,,3/25/2022 12:00:00 AM,0355,1,1,0,0,CLOUDY,DRY,False,COLLISION WITH FIXED OBJECT NON - INTERSECTION - FIRST EVENT COLLISION 09 - 32 EXCLUDING 16,SINGLE VEHICLE,CURVE & GRADE,DARK-HWY LIGHTED/ON,,,3/26/2022 9:33:43 AM,False,16,Accepted,
29869958,KSP1600,KY STATE POLICE POST 16,Accepted,OHIO,WN9007,,WN9007 S,,,,,,,,,37.380197306,-86.806620293,42.971,3/25/2022 12:00:00 AM,1230,2,2,0,0,CLOUDY,DRY,False,SIDESWIPE COLLISION - SAME DIRECTION,SIDESWIPE-SAME DIRECTION,STRAIGHT & LEVEL,DAYLIGHT,,,3/28/2022 11:41:42 AM,False,407,Accepted,
29882897,0920100,HARTFORD POLICE DEPARTMENT,Accepted,OHIO,KY0069,,KY69,,,,,,,,,37.456487347,-86.884024234,14.872,3/24/2022 12:00:00 AM,1119,2,2,0,2,CLEAR,DRY,False,1 VEHICLE ENTERING/LEAVING ENTRANCE,ANGLE,STRAIGHT & LEVEL,DAYLIGHT,,,3/31/2022 10:23:02 AM,False,18,Accepted,
29860022,0920000,OHIO COUNTY SHERIFF DEPT.,Accepted,OHIO,KY0069,,KY69,,,,,,,,,37.456479814,-86.884129129,14.868,3/23/2022 12:00:00 AM,1332,2,2,0,0,CLOUDY,DRY,True,SIDESWIPE COLLISION - OPPOSITE DIRECTION,SIDESWIPE-OPPOSITE DIRECTION,STRAIGHT & GRADE,DAYLIGHT,,,3/25/2022 11:35:12 AM,False,1115,Accepted,
29929393,0590100,COVINGTON POLICE DEPARTMENT,Accepted,KENTON,I 0075,,I75 S,,,,,,,,,39.078719981,-84.521855452,190.647,3/22/2022 12:00:00 AM,1625,2,2,0,0,CLEAR,DRY,True,SIDESWIPE COLLISION - SAME DIRECTION,SIDESWIPE-SAME DIRECTION,CURVE & GRADE,DAYLIGHT,,,4/12/2022 2:47:50 PM,False,0322,Accepted,
29847466,0340200,LEXINGTON POLICE DEPARTMENT,Accepted,FAYETTE,US0060,,VERSAILLES,RD,,,,KY1968,PARKERS MILL,,ALEXANDRIA,38.046547973,-84.554023545,5.287,3/22/2022 12:00:00 AM,1018,2,2,0,0,CLOUDY,DRY,False,SIDESWIPE COLLISION - SAME DIRECTION,SIDESWIPE-SAME DIRECTION,STRAIGHT & LEVEL,DAYLIGHT,,,3/22/2022 2:37:13 PM,False,56413,Accepted,
29893808,0470100,ELIZABETHTOWN POLICE DEPT.,Accepted,HARDIN,US0031W,,DIXIE,AVE,N,,,,NALLS,,COMMUNICARE,37.726110641,-85.883191615,19.323,3/22/2022 12:00:00 AM,1543,2,2,0,0,CLEAR,DRY,False,1 VEHICLE ENTERING/LEAVING ENTRANCE,ANGLE,STRAIGHT & LEVEL,DAYLIGHT,,,4/3/2022 3:52:36 PM,False,0152,Accepted,
29842428,0590100,COVINGTON POLICE DEPARTMENT,Accepted,KENTON,I 0075,,I75 S,,,,,,,,,39.087744763,-84.522798890,191.327,3/21/2022 12:00:00 AM,1203,2,2,0,0,CLEAR,DRY,False,REAR END IN TRAFFIC LANES BOTH VEHICLES MOVING,REAR END,STRAIGHT & GRADE,DAYLIGHT,,,3/21/2022 3:05:52 PM,False,0229,Accepted,
29848502,0930400,OLDHAM COUNTY POLICE DEPT.,Accepted,OLDHAM,I 0071,,I71 S,,,,,I 0071,I71 S REST AREA13 OFF RAMP,I 0071,I71 S EXIT14 ON RAMP FROM KY329,38.341865930,-85.503794672,13.731,3/21/2022 12:00:00 AM,1640,2,2,0,0,CLEAR,DRY,False,REAR END IN TRAFFIC LANES BOTH VEHICLES MOVING,REAR END,STRAIGHT & GRADE,DAYLIGHT,,,3/22/2022 6:30:42 PM,False,3071,Accepted,
29863298,0920100,HARTFORD POLICE DEPARTMENT,Accepted,OHIO,,,165 46MM NORTH BOUND,,,,,,,,,37.442779719,-86.860503613,,3/21/2022 12:00:00 AM,0508,2,2,0,0,CLEAR,DRY,False,REAR END IN TRAFFIC LANES BOTH VEHICLES MOVING,REAR END,STRAIGHT & LEVEL,DARK-HWY LIGHTED/ON,,,3/26/2022 9:33:38 AM,False,16,Accepted,
29951438,KSP0400,KY STATE POLICE POST 04,Accepted,HARDIN,I 0065,,I65 N,,,,,,,,,37.792250683,-85.755579536,101.514,3/21/2022 12:00:00 AM,2159,2,2,0,0,CLEAR,DRY,False,REAR END IN TRAFFIC LANES BOTH VEHICLES MOVING,REAR END,STRAIGHT & LEVEL,DARK-HWY LIGHTED/ON,,,4/18/2022 10:06:12 AM,False,841,Accepted,
29846052,0470000,HARDIN COUNTY SHERIFF DEPT.,Accepted,HARDIN,I 0065,,I65 N,,,,,,,,,37.785550242,-85.771393597,100.551,3/20/2022 12:00:00 AM,1327,4,4,0,2,CLEAR,DRY,False,REAR END IN TRAFFIC LANES BOTH VEHICLES MOVING,REAR END,CURVE & LEVEL,DAYLIGHT,,,3/22/2022 8:35:26 AM,False,958,Accepted,
29846060,0470000,HARDIN COUNTY SHERIFF DEPT.,Accepted,HARDIN,I 0065,,I65 N,,,,,,,,,37.784830581,-85.771950112,100.489,3/20/2022 12:00:00 AM,1515,2,2,0,1,CLEAR,DRY,False,REAR END IN TRAFFIC LANES BOTH VEHICLES MOVING,REAR END,CURVE & LEVEL,DAYLIGHT,,,3/22/2022 8:41:48 AM,True,958,Accepted,
29841018,1060000,SHELBY COUNTY SHERIFF DEPT.,Accepted,SHELBY,I 0064,,I64 W,,,,,,,,,38.152720520,-85.063135923,43.712,3/19/2022 12:00:00 AM,1200,2,2,0,0,RAINING,WET,False,SIDESWIPE COLLISION - SAME DIRECTION,SIDESWIPE-SAME DIRECTION,STRAIGHT & GRADE,DAYLIGHT,,,3/21/2022 10:04:13 AM,False,36,Accepted,
29837390,1140000,WARREN COUNTY SHERIFF DEPT.,Accepted,WARREN,US0231,7101,SCOTTSVILLE,RD,,,,,,,,36.902162931,-86.392899050,6.298,3/18/2022 12:00:00 AM,0655,2,2,0,2,CLOUDY,DRY,False,1 VEHICLE ENTERING/LEAVING ENTRANCE,ANGLE,STRAIGHT & GRADE,DAWN,,,3/20/2022 11:01:36 AM,False,415,Accepted,
29835883,0080200,FLORENCE POLICE DEPARTMENT,Accepted,BOONE,KY0536,,MT ZION,RD,,I 0075,I75 N EXIT178 ON RAMP FROM  MT ZION RD,,,,,38.956449816,-84.633226291,13.441,3/18/2022 12:00:00 AM,2024,2,2,0,0,CLEAR,DRY,False,ANGLE COLLISION - OTHER,ANGLE,STRAIGHT & LEVEL,DARK-HWY LIGHTED/ON,,,3/19/2022 8:16:12 PM,False,71,Accepted,
29831059,0568000,LOUISVILLE METRO POLICE DEPT,Accepted,JEFFERSON,,,BLEVINS GAP,RD,,US0031W,DIXIE,,,,,38.071709984,-85.884708274,0.001,3/17/2022 12:00:00 AM,1125,2,2,0,0,CLEAR,DRY,False,REAR END - ONE VEHICLE TURNING RIGHT,REAR END,STRAIGHT & LEVEL,DAYLIGHT,,,3/18/2022 8:23:36 AM,False,7336,Accepted,