IncidentID,AgencyORI,AgencyName,IncidentStatusDesc,County,RdwyNumber,Street,RoadwayName,StreetSfx,StreetDir,IntersectionRdwy,IntersectionRdwyName,BetweenStRdwy1,BetweenStRdwyName1,BetweenStRdwy2,BetweenStRdwyName2,Latitude,Longitude,Milepoint,CollisionDate,CollisionTime,UnitsInvolved,MotorVehiclesInvolved,NumberKilled,NumberInjured,Weather,RdwyConditionCode,HitandRun,DirAnalysisCode,MannerofCollision,RdwyCharacter,LightCondition,RampFromRdwyId,RampToRdwyId,AcceptedDate,IsSecondaryCollision,OwnerBadge,IncidentStatus,
29830529,1060100,SHELBYVILLE POLICE DEPARTMENT,Accepted,SHELBY,US0060,,FRANKFORT,RD,,KY0055X,BOONE STATION,,,,,38.210587685,-85.203554469,11.406,3/17/2022 12:00:00 AM,0222,1,1,0,0,CLEAR,DRY,False,COLLISION WITH FIXED OBJECT IN INTERSECTION - FIRST EVENT COLLISION 09 - 32,SINGLE VEHICLE,STRAIGHT & GRADE,DARK-HWY NOT LIGHTED,,,3/18/2022 5:57:10 AM,False,224,Accepted,
29831047,0568000,LOUISVILLE METRO POLICE DEPT,Accepted,JEFFERSON,I 0265,,I265 E,,,,,I 0265,I265 E EXIT23 ON RAMP FROM KY155,I 0064,I265 N EXIT25A RAMP TO I64 E,38.208227870,-85.506913466,24.475,3/17/2022 12:00:00 AM,1357,1,1,0,0,CLEAR,DRY,False,COLLISION WITH FIXED OBJECT NON - INTERSECTION - FIRST EVENT COLLISION 09 - 32 EXCLUDING 16,SINGLE VEHICLE,STRAIGHT & GRADE,DAYLIGHT,,,3/18/2022 8:22:41 AM,False,2017,Accepted,
29835364,0080000,BOONE COUNTY SHERIFF DEPT.,Accepted,BOONE,KY0237,,BEND,RD,N,I 0275,I275 W EXIT7 OFF RAMP TO KY237,,,,,39.082815056,-84.710046086,10.679,3/17/2022 12:00:00 AM,1500,2,2,0,0,CLEAR,DRY,False,OTHER INTERSECTION COLLISIONS,REAR END,STRAIGHT & LEVEL,DAYLIGHT,,,3/19/2022 3:57:08 PM,False,3744,Accepted,
29833003,KSP0300,KY STATE POLICE POST 03,Accepted,HART,,,COPELIN VALLEY,RD,,,,,,,,37.434027853,-86.012796835,1.078,3/17/2022 12:00:00 AM,1125,2,2,0,0,CLEAR,DRY,False,VEHICLE BACKING NON INTERSECTION,BACKING,STRAIGHT & GRADE,DAYLIGHT,,,3/18/2022 5:11:15 PM,False,638,Accepted,
29826471,0568000,LOUISVILLE METRO POLICE DEPT,Accepted,JEFFERSON,,,BROOK,ST,S,US0150,BROADWAY,,,,,38.245591238,-85.751714618,2.760,3/16/2022 12:00:00 AM,0851,1,1,0,0,CLEAR,DRY,False,COLLISION WITH FIXED OBJECT IN INTERSECTION - FIRST EVENT COLLISION 09 - 32,SINGLE VEHICLE,STRAIGHT & LEVEL,DAYLIGHT,,,3/17/2022 8:16:11 AM,False,5187,Accepted,
29822112,0080200,FLORENCE POLICE DEPARTMENT,Accepted,BOONE,I 0075,,I75 N,,,,,,,,,39.019602690,-84.619802190,183.120,3/15/2022 12:00:00 AM,1208,2,2,0,1,CLEAR,DRY,False,1 VEHICLE ENTERING/LEAVING ENTRANCE,ANGLE,STRAIGHT & LEVEL,DAYLIGHT,,,3/16/2022 10:32:46 AM,False,27,Accepted,
31758507,0660000,LESLIE COUNTY SHERIFF DEPT.,Accepted,LESLIE,KY0699,,CUTSHIN,RD,,,,,,,,37.135650639,-83.282326607,3.149,3/15/2022 12:00:00 AM,1720,2,1,0,1,CLOUDY,DRY,False,OTHER ROADWAY OR MID-BLOCK COLLISION,REAR END,CURVE & GRADE,DAYLIGHT,,,6/13/2023 3:06:03 AM,False,SO3,Accepted,
29812119,1060000,SHELBY COUNTY SHERIFF DEPT.,Accepted,SHELBY,I 0064,,I64 W,,,,,,,,,38.148604649,-85.034307797,45.307,3/10/2022 12:00:00 AM,1651,2,1,0,0,CLEAR,DRY,False,OTHER ROADWAY OR MID-BLOCK COLLISION,REAR END,STRAIGHT & GRADE,DAYLIGHT,,,3/14/2022 9:20:48 AM,False,36,Accepted,
30160951,0920200,BEAVER DAM POLICE DEPARTMENT,Accepted,OHIO,WK9001,,WK9001 W,,,WK9001,WN9007 N EXIT43B RAMP TO WK9001 W,,,,,37.384879593,-86.808661725,76.780,3/9/2022 12:00:00 AM,1603,2,2,0,0,CLEAR,DRY,False,SIDESWIPE-SAME DIRECTION,SIDESWIPE-SAME DIRECTION,CURVE & LEVEL,DAYLIGHT,,,6/8/2022 7:28:02 PM,False,71,Accepted,
29798528,0370200,KY STATE POLICE CVE,Accepted,OWEN,KY0355,,KY355,,,,,,,,,38.464359102,-84.928908285,5.106,3/9/2022 12:00:00 AM,1100,2,2,0,0,CLOUDY,DRY,False,1 VEHICLE PARKED POSITION (NOT PARKING LOT/DRIVEWAY),HEAD ON,STRAIGHT & LEVEL,DAYLIGHT,,,3/10/2022 10:58:56 AM,False,C-340,Accepted,
29793192,0568000,LOUISVILLE METRO POLICE DEPT,Accepted,JEFFERSON,I 0265,,I265 N,,,,,,,,,38.229189158,-85.504890920,25.927,3/8/2022 12:00:00 AM,1015,2,2,0,0,CLOUDY,DRY,True,1 VEHICLE PARKED POSITION (NOT PARKING LOT/DRIVEWAY),SIDESWIPE-SAME DIRECTION,STRAIGHT & LEVEL,DAYLIGHT,,,3/9/2022 8:19:38 AM,False,4903,Accepted,
29795763,1140000,WARREN COUNTY SHERIFF DEPT.,Accepted,WARREN,,3058,GLEN GABLES,BLVD,S,,,,,,,36.893792177,-86.527364682,0.344,3/7/2022 12:00:00 AM,1609,2,2,0,0,CLEAR,DRY,False,1 VEHICLE PARKED POSITION (NOT PARKING LOT/DRIVEWAY),BACKING,STRAIGHT & LEVEL,DAYLIGHT,,,3/9/2022 6:57:20 PM,False,435,Accepted,
29781084,0150000,BULLITT COUNTY SHERIFF DEPT.,Accepted,BULLITT,I 0065,,I65 S,,,,,,,,,37.894658634,-85.699822245,109.552,3/6/2022 12:00:00 AM,1057,3,3,0,0,RAINING,WET,False,REAR END IN TRAFFIC LANES BOTH VEHICLES MOVING,REAR END,CURVE & LEVEL,DAYLIGHT,,,3/6/2022 4:28:14 PM,False,1232,Accepted,
29783931,1060000,SHELBY COUNTY SHERIFF DEPT.,Accepted,SHELBY,,,GREENLAND PARK,CIR,,KY0053,MT EDEN,,,,,38.191657767,-85.211166398,0.003,3/6/2022 12:00:00 AM,1926,2,2,0,0,RAINING,WET,False,SIDESWIPE-SAME DIRECTION,SIDESWIPE-SAME DIRECTION,STRAIGHT & LEVEL,DARK-HWY NOT LIGHTED,,,3/7/2022 9:18:47 AM,False,10,Accepted,
29783623,0568000,LOUISVILLE METRO POLICE DEPT,Accepted,JEFFERSON,US0031E,,BARDSTOWN,RD,,,,,BARTLEY,,CEDAR CREEK,38.135473976,-85.580255733,4.472,3/5/2022 12:00:00 AM,1248,1,1,0,0,SEVERE CROSSWINDS,DRY,False,OTHER ROADWAY OR MID-BLOCK COLLISION,SINGLE VEHICLE,STRAIGHT & LEVEL,DAYLIGHT,,,3/7/2022 8:23:21 AM,False,2017,Accepted,
29786850,0470100,ELIZABETHTOWN POLICE DEPT.,Accepted,HARDIN,US0031W,,DIXIE,AVE,N,,FREEMAN LAKE PARK,,,,,37.717971630,-85.878874188,18.723,3/5/2022 12:00:00 AM,1329,1,1,0,0,SEVERE CROSSWINDS,DRY,False,OTHER INTERSECTION COLLISIONS,SINGLE VEHICLE,STRAIGHT & LEVEL,DAYLIGHT,,,3/7/2022 8:34:08 PM,False,0104,Accepted,
29806440,1060100,SHELBYVILLE POLICE DEPARTMENT,Accepted,SHELBY,KY0053,1501,MOUNT EDEN,RD,,,,,,,,38.189863711,-85.211612752,6.443,3/4/2022 12:00:00 AM,1025,2,2,0,0,CLEAR,DRY,False,SIDESWIPE COLLISION - SAME DIRECTION,SIDESWIPE-SAME DIRECTION,STRAIGHT & LEVEL,DAYLIGHT,,,3/12/2022 2:52:15 PM,False,132,Accepted,
29783247,KSP0400,KY STATE POLICE POST 04,Accepted,BULLITT,I 0065,,I65 S,,,,,,,,,37.915888000,-85.687411507,111.177,3/4/2022 12:00:00 AM,2115,2,2,0,0,CLEAR,DRY,False,OTHER ROADWAY OR MID-BLOCK COLLISION,REAR END,CURVE & LEVEL,DARK (UNKNOWN ROADWAY LIGHTING),,,3/7/2022 6:04:40 AM,False,875,Accepted,
29786859,0470100,ELIZABETHTOWN POLICE DEPT.,Accepted,HARDIN,US0031W,,DIXIE,AVE,N,,NALLS,,,,,37.727246378,-85.883735679,19.405,3/2/2022 12:00:00 AM,1721,1,1,0,0,CLEAR,DRY,False,COLLISION WITH FIXED OBJECT IN INTERSECTION - FIRST EVENT COLLISION 09 - 32,SINGLE VEHICLE,STRAIGHT & LEVEL,DAYLIGHT,,,3/7/2022 8:34:51 PM,False,0152,Accepted,
29768844,0060000,BATH COUNTY SHERIFF DEPARTMENT,Accepted,BATH,US0060,,US60,,,,,,,,,38.136470389,-83.642709496,14.369,3/2/2022 12:00:00 AM,0935,2,2,0,2,CLEAR,DRY,False,REAR END IN TRAFFIC LANES BOTH VEHICLES MOVING,REAR END,STRAIGHT & LEVEL,DAYLIGHT,,,3/3/2022 10:20:54 AM,False,269,Accepted,
29768565,1140000,WARREN COUNTY SHERIFF DEPT.,Accepted,WARREN,US0231,,SCOTTSVILLE,RD,,,DYE FORD,,,,,36.902363505,-86.394338176,6.377,3/1/2022 12:00:00 AM,0709,2,2,0,0,CLEAR,DRY,False,OTHER INTERSECTION COLLISIONS,REAR END,STRAIGHT & GRADE,DAYLIGHT,,,3/3/2022 9:20:37 AM,False,415,Accepted,
29777540,0560600,WEST BUECHEL POLICE DEPT.,Accepted,JEFFERSON,KY1703,3516,NEWBURG,RD,,,,,,,,38.192006387,-85.675261899,1.214,3/1/2022 12:00:00 AM,1256,2,2,0,0,CLEAR,DRY,False,OTHER ROADWAY OR MID-BLOCK COLLISION,REAR END,STRAIGHT & HILLCREST,DAYLIGHT,,,3/5/2022 9:01:56 AM,False,1704,Accepted,
29754591,0240000,CHRISTIAN COUNTY SHERIFF OFFICE,Accepted,CHRISTIAN,I 0024,93 MM,I24 W,,,,,,,,,36.642267025,-87.339998460,93.330,2/26/2022 12:00:00 AM,1240,2,2,0,0,CLEAR,DRY,False,REAR END IN TRAFFIC LANES BOTH VEHICLES MOVING,REAR END,STRAIGHT & LEVEL,DAYLIGHT,,,2/28/2022 11:54:26 AM,False,605-A,Accepted,
29787796,1060100,SHELBYVILLE POLICE DEPARTMENT,Accepted,SHELBY,KY0055X,,BOONE STATION,RD,,,,US0060,FRANKFORT,,HI POINT,38.210859044,-85.203836795,0.020,2/24/2022 12:00:00 AM,1602,2,1,0,0,RAINING,WET,False,REAR END IN TRAFFIC LANES BOTH VEHICLES MOVING,REAR END,STRAIGHT & LEVEL,DAYLIGHT,,,3/8/2022 3:02:17 AM,False,236,Accepted,
29733147,0340200,LEXINGTON POLICE DEPARTMENT,Accepted,FAYETTE,,,CLAYS MILL,RD,,,WACO,,,,,38.006076509,-84.542973570,1.877,2/22/2022 12:00:00 AM,1710,2,2,0,0,RAINING,WET,False,OTHER INTERSECTION COLLISIONS,REAR END,STRAIGHT & LEVEL,DAYLIGHT,,,2/22/2022 7:47:03 PM,False,56481,Accepted,
29750595,0730000,MCCRACKEN COUNTY SHERIFF DEPT.,Accepted,MCCRACKEN,I 0024,,I24 W,,,,,,,,,37.127960231,-88.689023869,0.785,2/20/2022 12:00:00 AM,1324,4,4,0,1,CLEAR,DRY,True,REAR END IN TRAFFIC LANES BOTH VEHICLES MOVING,REAR END,STRAIGHT & LEVEL,DAYLIGHT,,,2/27/2022 4:32:38 PM,False,21,Accepted,
29719170,0561000,JEFFERSONTOWN POLICE DEPT,Accepted,JEFFERSON,,,WATTERSON,TRL,,,,,LOCHRIDGE,,SAN MARCOS,38.183319137,-85.591191648,1.926,2/18/2022 12:00:00 AM,1413,3,3,0,0,CLEAR,DRY,False,REAR END IN TRAFFIC LANES BOTH VEHICLES MOVING,REAR END,STRAIGHT & LEVEL,DAYLIGHT,,,2/19/2022 7:42:15 AM,False,8296,Accepted,
29726502,0370200,KY STATE POLICE CVE,Accepted,LAUREL,I 0075,,I75 N,,,,,,,,,37.215654806,-84.200123008,47.999,2/18/2022 12:00:00 AM,1121,2,2,0,0,CLOUDY,WET,False,SIDESWIPE COLLISION - SAME DIRECTION,SIDESWIPE-SAME DIRECTION,CURVE & GRADE,DAYLIGHT,,,2/21/2022 10:43:09 AM,False,C-362,Accepted,
29708462,0340200,LEXINGTON POLICE DEPARTMENT,Accepted,FAYETTE,KY0922,,NEWTOWN,PIKE,,,NANDINO,,,,,38.079151923,-84.493387239,2.203,2/16/2022 12:00:00 AM,0935,2,2,0,0,CLEAR,DRY,False,ANGLE COLLISION - OTHER,ANGLE,STRAIGHT & LEVEL,DAYLIGHT,,,2/16/2022 4:41:36 PM,False,56412,Accepted,
29706000,KSP1100,KY STATE POLICE POST 11,Accepted,LAUREL,I 0075,,I75 S,,,,,,,,,37.153921985,-84.112663360,41.250,2/15/2022 12:00:00 AM,1446,2,2,0,0,CLEAR,DRY,True,SIDESWIPE COLLISION - SAME DIRECTION,SIDESWIPE-SAME DIRECTION,STRAIGHT & LEVEL,DAYLIGHT,,,2/16/2022 8:25:56 AM,False,476,Accepted,
29710941,0300000,DAVIESS COUNTY SHERIFF DEPT.,Accepted,DAVIESS,,,AUTUMN VALLEY,TRCE,,,,,,,,37.693890558,-87.059424096,0.140,2/15/2022 12:00:00 AM,1441,2,2,0,0,CLEAR,DRY,False,1 VEHICLE PARKED POSITION (NOT PARKING LOT/DRIVEWAY),SIDESWIPE-SAME DIRECTION,STRAIGHT & LEVEL,DAYLIGHT,,,2/17/2022 7:07:11 AM,False,1121,Accepted,
29705815,1000100,SOMERSET POLICE DEPARTMENT,Accepted,PULASKI,KY0461,,KY461,,,,,,BABE,,COIN,37.170736188,-84.489914899,0.879,2/15/2022 12:00:00 AM,1840,1,1,0,0,CLEAR,DRY,False,OTHER COLLISIONS ON SHOULDER,SINGLE VEHICLE,STRAIGHT & LEVEL,DARK-HWY LIGHTED/OFF,,,2/16/2022 7:21:18 AM,False,81,Accepted,
29692653,0080200,FLORENCE POLICE DEPARTMENT,Accepted,BOONE,KY0536,,MT ZION,RD,,I 0075,I75 N EXIT178 ON RAMP FROM  MT ZION RD,,,,,38.956468459,-84.633032115,13.460,2/11/2022 12:00:00 AM,2159,2,2,0,0,RAINING,WET,False,ANGLE COLLISION - OTHER,ANGLE,STRAIGHT & GRADE,DARK-HWY LIGHTED/ON,,,2/13/2022 2:41:46 AM,False,74,Accepted,
29672618,1060000,SHELBY COUNTY SHERIFF DEPT.,Accepted,SHELBY,I 0064,,I64 W,,,,,,,,,38.153138723,-85.064854184,43.498,2/5/2022 12:00:00 AM,1830,2,2,0,0,CLOUDY,WET,False,SIDESWIPE COLLISION - SAME DIRECTION,SIDESWIPE-SAME DIRECTION,STRAIGHT & GRADE,DARK-HWY NOT LIGHTED,,,2/8/2022 10:02:32 AM,False,44,Accepted,
29654154,0370200,KY STATE POLICE CVE,Accepted,LAUREL,I 0075,,I75 S,,,,,,,,,37.208629144,-84.174580257,46.491,2/1/2022 12:00:00 AM,1200,2,2,0,1,CLEAR,DRY,False,REAR END IN TRAFFIC LANES BOTH VEHICLES MOVING,REAR END,STRAIGHT & GRADE,DAYLIGHT,,,2/2/2022 12:54:21 PM,False,C-355,Accepted,
29654420,0080000,BOONE COUNTY SHERIFF DEPT.,Accepted,BOONE,KY0338,,RICHWOOD,RD,,,,I 0075,I75 SB EXIT175 OFF RAMP TORICHWOOD DR,I 0075,I75 NB EXIT175 ON RAMP FROMRICHWOOD DR,38.917412553,-84.630344191,0.341,1/31/2022 12:00:00 AM,1538,2,2,0,0,CLEAR,DRY,False,REAR END IN TRAFFIC LANES BOTH VEHICLES MOVING,REAR END,CURVE & LEVEL,DAYLIGHT,,,2/2/2022 1:59:47 PM,False,3721,Accepted,
30315050,KSP0300,KY STATE POLICE POST 03,Accepted,SIMPSON,I 0065,,I65 S,,,,,,,,,36.642636862,-86.570282600,0.265,1/28/2022 12:00:00 AM,1240,4,4,1,5,CLOUDY,DRY,False,OTHER ROADWAY OR MID-BLOCK COLLISION,REAR END,STRAIGHT & LEVEL,DAYLIGHT,,,7/18/2022 10:17:42 AM,False,772,Accepted,
29639103,0080000,BOONE COUNTY SHERIFF DEPT.,Accepted,BOONE,KY0536,,MT ZION,RD,,,TIBURON,,,,,38.956110632,-84.639709662,13.077,1/27/2022 12:00:00 AM,1123,2,2,0,0,CLEAR,DRY,False,SIDESWIPE-SAME DIRECTION,SIDESWIPE-SAME DIRECTION,STRAIGHT & LEVEL,DAYLIGHT,,,1/29/2022 1:59:19 PM,False,3753,Accepted,
29631522,0340200,LEXINGTON POLICE DEPARTMENT,Accepted,FAYETTE,,,CLAYS MILL,RD,,,,,ROSEMONT,,SOUTHBEND,38.025537549,-84.531275502,0.387,1/26/2022 12:00:00 AM,1511,2,2,0,0,CLEAR,DRY,False,OTHER ROADWAY OR MID-BLOCK COLLISION,REAR END,STRAIGHT & GRADE,DAYLIGHT,,,1/27/2022 9:18:01 AM,False,56413,Accepted,
29628996,0790000,MARSHALL COUNTY SHERIFF DEPT.,Accepted,MARSHALL,US0641,,US641,,N,,,,,,,36.891935756,-88.344230208,10.845,1/26/2022 12:00:00 AM,1200,2,2,0,0,CLEAR,DRY,False,OTHER ROADWAY OR MID-BLOCK COLLISION,REAR END,STRAIGHT & GRADE,DAYLIGHT,,,1/26/2022 5:29:20 PM,False,20,Accepted,
29645853,0710000,LOGAN COUNTY SHERIFF DEPT.,Accepted,LOGAN,KY0103,,CHANDLERS,RD,,,,,,,,36.907492965,-86.757257516,6.363,1/26/2022 12:00:00 AM,1632,2,2,0,0,CLEAR,DRY,False,REAR END IN TRAFFIC LANES BOTH VEHICLES MOVING,REAR END,STRAIGHT & GRADE,DAYLIGHT,,,1/31/2022 3:32:52 PM,False,721,Accepted,
29635624,0590100,COVINGTON POLICE DEPARTMENT,Accepted,KENTON,I 0075,,I75 N,,,,,,,,,39.085916886,-84.522921508,191.197,1/25/2022 12:00:00 AM,2117,2,2,0,0,CLEAR,DRY,False,SIDESWIPE COLLISION - SAME DIRECTION,SIDESWIPE-SAME DIRECTION,STRAIGHT & GRADE,DARK-HWY LIGHTED/ON,,,1/28/2022 8:15:25 AM,False,0322,Accepted,
29620589,0340200,LEXINGTON POLICE DEPARTMENT,Accepted,FAYETTE,,2873,CLAYS MILL,RD,,,,,CECIL,,LAMONT,38.010468501,-84.540186071,1.537,1/24/2022 12:00:00 AM,0905,1,1,0,0,CLOUDY,DRY,False,OTHER ROADWAY OR MID-BLOCK COLLISION,SINGLE VEHICLE,CURVE & LEVEL,DAYLIGHT,,,1/24/2022 5:38:32 PM,False,56412,Accepted,
29624885,0730000,MCCRACKEN COUNTY SHERIFF DEPT.,Accepted,MCCRACKEN,I 0024,,I24 W,,,,,,,,,37.134354646,-88.686682111,0.323,1/22/2022 12:00:00 AM,1026,2,2,0,0,CLEAR,DRY,False,OTHER ROADWAY OR MID-BLOCK COLLISION,REAR END,STRAIGHT & LEVEL,DAYLIGHT,,,1/25/2022 6:05:34 PM,False,52,Accepted,
29618331,0568000,LOUISVILLE METRO POLICE DEPT,Accepted,JEFFERSON,KY1065,,OUTER,LOOP,,,MINOR,,,,,38.136198371,-85.697175257,5.465,1/22/2022 12:00:00 AM,2051,1,1,0,0,CLEAR,DRY,False,NON-COLLISION OBJECT COLLISION,SINGLE VEHICLE,STRAIGHT & LEVEL,DARK-HWY LIGHTED/OFF,,,1/24/2022 8:36:01 AM,False,7100,Accepted,
29621209,0080000,BOONE COUNTY SHERIFF DEPT.,Accepted,BOONE,KY0338,,RICHWOOD,RD,,,BEST PAL,,,,,38.918246840,-84.625727506,0.086,1/21/2022 12:00:00 AM,0235,2,2,0,0,CLEAR,DRY,True,ANGLE COLLISION - OTHER,ANGLE,STRAIGHT & LEVEL,DARK-HWY LIGHTED/ON,,,1/24/2022 11:01:46 PM,False,3305,Accepted,
29604683,0340200,LEXINGTON POLICE DEPARTMENT,Accepted,FAYETTE,,,WOODHILL,DR,,,,KY0004,NEW CIRCLE,,CODELL,38.017205538,-84.454534303,0.161,1/19/2022 12:00:00 AM,2023,2,2,0,0,RAINING,WET,False,SIDESWIPE COLLISION - SAME DIRECTION,SIDESWIPE-SAME DIRECTION,STRAIGHT & LEVEL,DARK-HWY LIGHTED/ON,,,1/19/2022 10:36:02 PM,False,57488,Accepted,
29595314,KSP1200,KY STATE POLICE POST 12,Accepted,FRANKLIN,I 0064,,I64 W,,,,,,,,,38.149759178,-84.963609596,49.205,1/16/2022 12:00:00 AM,0730,1,1,0,0,CLEAR,DRY,False,OTHER ROADWAY OR MID-BLOCK COLLISION,SINGLE VEHICLE,STRAIGHT & LEVEL,DARK-HWY NOT LIGHTED,,,1/17/2022 4:03:32 PM,False,443,Accepted,
29589574,0080000,BOONE COUNTY SHERIFF DEPT.,Accepted,BOONE,KY0237,,PLEASANT VALLEY,RD,,,FOUNDERS,,,,,38.987542832,-84.694652776,3.678,1/14/2022 12:00:00 AM,0858,1,1,0,0,CLOUDY,DRY,False,OTHER INTERSECTION COLLISIONS,SINGLE VEHICLE,CURVE & GRADE,DAYLIGHT,,,1/15/2022 1:04:03 PM,False,3743,Accepted,
29725678,1050000,SCOTT COUNTY SHERIFF DEPT.,Accepted,SCOTT,,137,GUNNELL,RD,,US0062,CYNTHIANA,,,,,38.270417821,-84.491318649,0.057,1/14/2022 12:00:00 AM,1329,2,2,0,0,CLOUDY,DRY,False,SIDESWIPE-SAME DIRECTION,SIDESWIPE-SAME DIRECTION,CURVE & LEVEL,DAYLIGHT,,,2/21/2022 8:42:30 AM,False,221,Accepted,
29593769,0370000,FRANKLIN COUNTY SHERIFF,Accepted,FRANKLIN,I 0064,,I64 W,,,,,,,,,38.153572041,-84.941671452,50.436,1/13/2022 12:00:00 AM,1024,2,2,0,0,CLOUDY,DRY,False,SIDESWIPE COLLISION - SAME DIRECTION,SIDESWIPE-SAME DIRECTION,STRAIGHT & LEVEL,DAYLIGHT,,,1/17/2022 6:23:53 AM,False,907,Accepted,
29583737,0340200,LEXINGTON POLICE DEPARTMENT,Accepted,FAYETTE,,,HIGHLAWN,AVE,,,,,BOLSER,,GRACELAWN,38.061074419,-84.469805348,0.223,1/13/2022 12:00:00 AM,1436,2,2,0,0,CLEAR,DRY,False,1 VEHICLE PARKED POSITION (NOT PARKING LOT/DRIVEWAY),BACKING,STRAIGHT & LEVEL,DAYLIGHT,,,1/13/2022 6:40:07 PM,False,57922,Accepted,
29576586,0568000,LOUISVILLE METRO POLICE DEPT,Accepted,JEFFERSON,I 0265,,I265 E,,,,,I 0265,I265 E EXIT23 ON RAMP FROM KY155,I 0064,I265 N EXIT25A RAMP TO I64 E,38.201551401,-85.507474555,24.014,1/11/2022 12:00:00 AM,1435,2,2,0,2,CLEAR,DRY,False,OTHER ROADWAY OR MID-BLOCK COLLISION,REAR END,STRAIGHT & HILLCREST,DAYLIGHT,,,1/12/2022 8:15:57 AM,False,2017,Accepted,
29576130,0080000,BOONE COUNTY SHERIFF DEPT.,Accepted,BOONE,KY0536,,MT ZION,RD,,,,,,,,38.956432930,-84.632955034,13.457,1/10/2022 12:00:00 AM,2104,2,2,0,0,CLEAR,DRY,False,1 VEHICLE ENTERING/LEAVING ENTRANCE,ANGLE,STRAIGHT & LEVEL,DARK-HWY LIGHTED/ON,,,1/12/2022 5:43:46 AM,False,3711,Accepted,
29584268,0370000,FRANKLIN COUNTY SHERIFF,Accepted,FRANKLIN,I 0064,,I64 W,,,,,,,,,38.150408018,-84.960076137,49.402,1/7/2022 12:00:00 AM,1217,2,2,0,0,CLEAR,DRY,False,SIDESWIPE COLLISION - SAME DIRECTION,SIDESWIPE-SAME DIRECTION,STRAIGHT & HILLCREST,DAYLIGHT,,,1/13/2022 10:50:31 PM,False,1071,Accepted,
29556449,KSP1200,KY STATE POLICE POST 12,Accepted,FRANKLIN,I 0064,,I64 E,,,,,,,,,38.147519291,-84.972054998,48.761,1/6/2022 12:00:00 AM,1046,1,1,0,0,SNOWING,SNOW/SLUSH,False,OTHER ROADWAY OR MID-BLOCK COLLISION,SINGLE VEHICLE,STRAIGHT & LEVEL,DAYLIGHT,,,1/10/2022 3:02:03 PM,False,443,Accepted,
29596028,KSP1200,KY STATE POLICE POST 12,Accepted,FRANKLIN,I 0064,,I64 E,,,,,,,,,38.148777658,-84.966353422,49.083,1/6/2022 12:00:00 AM,1058,3,3,0,0,SNOWING,SNOW/SLUSH,False,OTHER ROADWAY OR MID-BLOCK COLLISION,REAR END,STRAIGHT & LEVEL,DAYLIGHT,,,1/17/2022 9:02:20 PM,True,443,Accepted,
29540000,0568000,LOUISVILLE METRO POLICE DEPT,Accepted,JEFFERSON,,,FRANKFORT,AVE,,,RIVER,,,,,38.264471918,-85.725332821,0.444,1/5/2022 12:00:00 AM,1004,2,2,0,0,CLEAR,DRY,False,HEAD-ON COLLISION,HEAD ON,STRAIGHT & LEVEL,DAYLIGHT,,,1/6/2022 8:13:02 AM,False,7862,Accepted,
29545231,0190200,CAMPBELL COUNTY POLICE DEPT.,Accepted,CAMPBELL,US0027,13744,ALEXANDRIA,PIKE,,,,,,,,38.836105343,-84.368077020,1.028,1/5/2022 12:00:00 AM,0919,2,2,0,0,CLEAR,DRY,False,SIDESWIPE COLLISION - SAME DIRECTION,SIDESWIPE-SAME DIRECTION,STRAIGHT & LEVEL,DAWN,,,1/8/2022 8:21:58 AM,False,30,Accepted,
29572470,KSP0900,KY STATE POLICE POST 09,Accepted,MAGOFFIN,KY9009,,KY9009,,,,,,,,,37.743510265,-83.215368235,64.834,1/4/2022 12:00:00 AM,1345,2,2,0,0,CLEAR,DRY,False,SIDESWIPE COLLISION - OPPOSITE DIRECTION,SIDESWIPE-OPPOSITE DIRECTION,CURVE & GRADE,DAYLIGHT,,,1/11/2022 9:51:43 AM,False,101,Accepted,
29577097,KSP0900,KY STATE POLICE POST 09,Accepted,MAGOFFIN,KY9009,,KY9009,,,,,,,,,37.732186656,-83.104004140,71.983,1/4/2022 12:00:00 AM,1105,2,2,0,0,CLEAR,DRY,False,1 VEHICLE ENTERING/LEAVING ENTRANCE,ANGLE,STRAIGHT & LEVEL,DAYLIGHT,,,1/12/2022 10:16:07 AM,False,80,Accepted,
29638037,1060100,SHELBYVILLE POLICE DEPARTMENT,Accepted,SHELBY,US0060,,WASHINGTON,ST,,,,,5TH,,6TH,38.211753882,-85.216081837,10.745,1/1/2022 12:00:00 AM,2141,1,1,0,1,RAINING,WET,False,COLLISION WITH FIXED OBJECT NON - INTERSECTION - FIRST EVENT COLLISION 09 - 32 EXCLUDING 16,SINGLE VEHICLE,STRAIGHT & LEVEL,DARK-HWY NOT LIGHTED,,,1/28/2022 11:16:47 PM,False,206,Accepted,